0.000000000,nospeech
21.363809523,speech
22.379682539,nospeech
23.598730158,speech
24.909206349,nospeech
26.260317460,speech
27.174603174,nospeech
27.956825396,speech
29.094603174,nospeech
36.286984126,speech
37.089523809,nospeech
38.440634920,speech
40.005079365,nospeech
40.167619047,speech
40.838095238,nospeech
43.164444444,speech
43.387936507,nospeech
44.149841269,speech
45.917460317,nospeech
47.800000000,speech
48.172698412,nospeech
48.711111111,speech
49.320634920,nospeech
52.601904761,speech
52.774603174,nospeech
52.957460317,speech
54.877460317,nospeech
56.269206349,speech
57.254603174,nospeech
57.904761904,speech
58.626031746,nospeech
60.271746031,speech
61.592380952,nospeech
63.106031746,speech
64.335238095,nospeech
64.934603174,speech
66.438095238,nospeech
69.485714285,speech
70.257777777,nospeech
70.593015873,speech
71.233015873,nospeech
72.533333333,speech
72.949841269,nospeech
73.234285714,speech
74.402539682,nospeech
78.506666666,speech
79.004444444,nospeech
79.187301587,speech
79.542857142,nospeech
86.308571428,speech
87.172063492,nospeech
89.213968253,speech
89.650793650,nospeech
91.133968253,speech
91.489523809,nospeech
93.958095238,speech
94.232380952,nospeech
173.531428571,speech
174.354285714,nospeech
176.172698412,speech
177.005714285,nospeech
181.719365079,speech
182.410158730,nospeech
187.347301587,speech
187.906031746,nospeech
194.468571428,speech
195.271111111,nospeech
199.883174603,speech
201.041269841,nospeech
201.610158730,speech
203.326984126,nospeech
206.008888888,speech
206.709841269,nospeech
208.325079365,speech
209.584761904,nospeech
215.862857142,speech
222.323809523,nospeech
225.310476190,speech
230.115555555,nospeech
238.689523809,speech
240.548571428,nospeech
243.220317460,speech
244.571428571,nospeech
245.109841269,speech
246.684444444,nospeech
247.395555555,speech
247.913650793,nospeech
257.493333333,speech
259.149206349,nospeech
260.134603174,speech
261.099682539,nospeech
263.283809523,speech
263.710476190,nospeech
263.903492063,speech
264.147301587,nospeech
264.736507936,speech
266.646349206,nospeech
268.424126984,speech
269.409523809,nospeech
270.181587301,speech
270.699682539,nospeech
270.953650793,speech
271.339682539,nospeech
271.888253968,speech
272.487619047,nospeech
272.924444444,speech
273.818412698,nospeech
274.153650793,speech
279.507301587,nospeech
289.869206349,speech
292.977777777,nospeech
293.353650793,speech
293.526349206,nospeech
297.173333333,speech
297.508571428,nospeech
297.925079365,speech
298.859682539,nospeech
299.184761904,speech
299.855238095,nospeech
301.155555555,speech
303.827301587,nospeech
305.848888888,speech
307.139047619,nospeech
308.652698412,speech
309.658412698,nospeech
309.881904761,speech
317.450158730,nospeech
318.191746031,speech
319.410793650,nospeech
346.128253968,speech
348.302222222,nospeech
349.135238095,speech
353.107301587,nospeech
397.653333333,speech
398.130793650,nospeech
398.953650793,speech
399.624126984,nospeech
399.878095238,speech
400.304761904,nospeech
402.052063492,speech
403.149206349,nospeech
404.947301587,speech
405.475555555,nospeech
406.674285714,speech
407.324444444,nospeech
407.588571428,speech
408.320000000,nospeech
408.868571428,speech
409.437460317,nospeech
409.965714285,speech
410.290793650,nospeech
417.462857142,speech
418.255238095,nospeech
423.862857142,speech
424.248888888,nospeech
426.057142857,speech
426.676825396,nospeech
426.940952380,speech
427.509841269,nospeech
428.434285714,speech
428.820317460,nospeech
429.551746031,speech
429.968253968,nospeech
430.902857142,speech
431.746031746,nospeech
443.702857142,speech
444.424126984,nospeech
452.520634920,speech
453.089523809,nospeech
456.838095238,speech
457.193650793,nospeech
457.498412698,speech
458.778412698,nospeech
459.448888888,speech
460.952380952,nospeech
461.561904761,speech
462.354285714,nospeech
462.608253968,speech
463.045079365,nospeech
475.845079365,speech
476.800000000,nospeech
493.155555555,speech
496.497777777,nospeech
496.650158730,speech
497.310476190,nospeech
497.726984126,speech
498.011428571,nospeech
499.514920634,speech
500.347936507,nospeech
500.805079365,speech
501.800634920,nospeech
509.399365079,speech
510.455873015,nospeech
510.638730158,speech
513.300317460,nospeech
516.774603174,speech
517.221587301,nospeech
517.445079365,speech
518.186666666,nospeech
518.918095238,speech
520.167619047,nospeech
521.000634920,speech
521.986031746,nospeech
539.296507936,speech
540.464761904,nospeech
540.678095238,speech
541.724444444,nospeech
542.069841269,speech
543.705396825,nospeech
544.731428571,speech
546.874920634,nospeech
547.626666666,speech
547.951746031,nospeech
549.343492063,speech
551.893333333,nospeech
604.739047619,speech
605.846349206,nospeech
606.780952380,speech
607.959365079,nospeech
622.242539682,speech
622.892698412,nospeech
628.825396825,speech
629.658412698,nospeech
630.034285714,speech
630.582857142,nospeech
632.005079365,speech
633.478095238,nospeech
635.123809523,speech
636.332698412,nospeech
637.846349206,speech
638.638730158,nospeech
641.178412698,speech
641.666031746,nospeech
644.998095238,speech
645.963174603,nospeech
648.848253968,speech
649.579682539,nospeech
651.459047619,speech
651.977142857,nospeech
700.596825396,speech
701.409523809,nospeech
702.791111111,speech
703.258412698,nospeech
703.928888888,speech
704.386031746,nospeech
711.334603174,speech
711.669841269,nospeech
714.168888888,speech
715.509841269,nospeech
715.946666666,speech
716.444444444,nospeech
718.140952380,speech
719.309206349,nospeech
719.512380952,speech
721.219047619,nospeech
721.381587301,speech
722.529523809,nospeech
723.057777777,speech
724.469841269,nospeech
725.140317460,speech
725.831111111,nospeech
726.948571428,speech
728.533333333,nospeech
729.051428571,speech
730.595555555,nospeech
731.144126984,speech
732.007619047,nospeech
732.434285714,speech
734.161269841,nospeech
734.344126984,speech
735.695238095,nospeech
736.751746031,speech
737.147936507,nospeech
738.245079365,speech
739.809523809,nospeech
740.337777777,speech
741.455238095,nospeech
741.658412698,speech
742.968888888,nospeech
743.974603174,speech
745.742222222,nospeech
746.006349206,speech
747.225396825,nospeech
747.428571428,speech
748.576507936,nospeech
748.789841269,speech
751.715555555,nospeech
752.934603174,speech
754.295873015,nospeech
755.006984126,speech
755.768888888,nospeech
756.246349206,speech
757.942857142,nospeech
758.135873015,speech
760.238730158,nospeech
761.051428571,speech
763.692698412,nospeech
764.007619047,speech
767.461587301,nospeech
767.674920634,speech
768.568888888,nospeech
768.741587301,speech
770.407619047,nospeech
770.864761904,speech
771.951746031,nospeech
772.744126984,speech
773.963174603,nospeech
774.460952380,speech
775.151746031,nospeech
775.405714285,speech
776.645079365,nospeech
777.203809523,speech
778.839365079,nospeech
779.093333333,speech
780.038095238,nospeech
780.302222222,speech
780.911746031,nospeech
781.145396825,speech
781.897142857,nospeech
782.232380952,speech
782.800000000,nospeech
783.258412698,speech
784.721269841,nospeech
784.985396825,speech
785.351111111,nospeech
785.879365079,speech
786.519365079,nospeech
786.732698412,speech
787.596190476,nospeech
788.226031746,speech
790.430476190,nospeech
790.603174603,speech
790.938412698,nospeech
791.100952380,speech
793.285079365,nospeech
793.396825396,speech
795.062857142,nospeech
795.326984126,speech
797.704126984,nospeech
798.019047619,speech
798.730158730,nospeech
798.902857142,speech
801.219047619,nospeech
809.762539682,speech
810.554920634,nospeech
811.276190476,speech
811.946666666,nospeech
812.871111111,speech
813.775238095,nospeech
814.181587301,speech
815.106031746,nospeech
815.746031746,speech
816.629841269,nospeech
816.883809523,speech
817.767619047,nospeech
818.966349206,speech
820.022857142,nospeech
820.347936507,speech
821.160634920,nospeech
821.648253968,speech
822.521904761,nospeech
823.182222222,speech
823.791746031,nospeech
824.187936507,speech
824.766984126,nospeech
886.603174603,speech
887.781587301,nospeech
891.428571428,speech
891.814603174,nospeech
899.118730158,speech
900.398730158,nospeech
902.318730158,speech
904.157460317,nospeech
909.856507936,speech
910.537142857,nospeech
910.770793650,speech
911.360000000,nospeech
911.918730158,speech
912.294603174,nospeech
912.944761904,speech
914.143492063,nospeech
914.885079365,speech
918.349206349,nospeech
919.974603174,speech
922.280634920,nospeech
922.504126984,speech
926.181587301,nospeech
927.197460317,speech
928.375873015,nospeech
982.532063492,speech
985.325714285,nospeech
1143.862857142,speech
1144.289523809,nospeech
1145.823492063,speech
1146.361904761,nospeech
1185.493333333,speech
1187.911111111,nospeech
1188.419047619,speech
1194.778412698,nospeech
1195.103492063,speech
1197.856507936,nospeech
1198.080000000,speech
1200.426666666,nospeech
1200.629841269,speech
1202.031746031,nospeech
1202.631111111,speech
1203.000000000,nospeech
1203.586031746,speech
1204.134603174,nospeech
1204.317460317,speech
1204.815238095,nospeech
1205.506031746,speech
1205.953015873,nospeech
1206.115555555,speech
1206.623492063,nospeech
1208.736507936,speech
1213.470476190,nospeech
1213.795555555,speech
1216.467301587,nospeech
1216.944761904,speech
1221.079365079,nospeech
1264.873650793,speech
1265.483174603,nospeech
1266.539682539,speech
1266.793650793,nospeech
1269.099682539,speech
1269.546666666,nospeech
1271.486984126,speech
1272.411428571,nospeech
1272.858412698,speech
1273.041269841,nospeech
1277.927619047,speech
1278.852063492,nospeech
1283.687619047,speech
1284.114285714,nospeech
1286.745396825,speech
1287.172063492,nospeech
