0.000000000,speech
1.422222222,nospeech
1.625396825,speech
2.452607709,nospeech
3.120181405,speech
3.867573696,nospeech
5.870294784,speech
7.430385487,nospeech
9.578231292,speech
10.644897959,nospeech
10.790022675,speech
11.200156689,nospeech
12.096145124,speech
12.625850340,nospeech
12.850793650,speech
14.236734693,nospeech
15.085714285,speech
16.333786848,nospeech
16.587755102,speech
17.117460317,nospeech
20.331972789,speech
21.710657596,nospeech
23.568253968,speech
24.954195011,nospeech
25.955555555,speech
29.823129251,nospeech
31.484807256,speech
31.941950113,nospeech
34.314739229,speech
35.889342403,nospeech
39.401360544,speech
39.756916099,nospeech
42.579591836,speech
43.472108843,nospeech
46.599546485,speech
47.027664399,nospeech
47.172789115,speech
47.600056689,nospeech
50.321995464,speech
50.793650793,nospeech
51.200000000,speech
51.961904761,nospeech
52.099773242,speech
52.477097505,nospeech
52.985034013,speech
54.574149659,nospeech
55.582766439,speech
56.177777777,nospeech
57.520181405,speech
59.600035147,nospeech
60.495238095,speech
60.850793650,nospeech
61.416780045,speech
62.200011337,nospeech
73.309750566,speech
75.493877551,nospeech
86.153287981,speech
86.385487528,nospeech
88.431746031,speech
91.239909297,nospeech
93.068480725,speech
93.612698412,nospeech
94.004535147,speech
94.860770975,nospeech
96.507936507,speech
98.844444444,nospeech
99.519274376,speech
99.707936507,nospeech
100.919727891,speech
102.588662131,nospeech
102.806349206,speech
103.234467120,nospeech
105.962811791,speech
106.354648526,nospeech
106.739229024,speech
107.123809523,nospeech
111.883900226,speech
112.174149659,nospeech
120.148752834,speech
121.795918367,nospeech
122.195011337,speech
123.000000000,nospeech
124.045351473,speech
125.982766439,nospeech
126.265759637,speech
127.738775510,nospeech
128.195918367,speech
128.573242630,nospeech
131.562811791,speech
132.956009070,nospeech
135.067573696,speech
137.810430839,nospeech
139.189115646,speech
139.501133786,nospeech
139.755102040,speech
140.146938775,nospeech
143.005895691,speech
143.412244897,nospeech
143.579138321,speech
146.575963718,nospeech
152.997732426,speech
154.347392290,nospeech
155.871201814,speech
157.162811791,nospeech
158.686621315,speech
162.793650793,nospeech
163.867573696,speech
164.760090702,nospeech
165.311564625,speech
168.003628117,nospeech
168.511564625,speech
170.332879818,nospeech
170.978684807,speech
171.885714285,nospeech
172.575056689,speech
173.199092970,nospeech
173.765079365,speech
175.049433106,nospeech
175.593650793,speech
178.641269841,nospeech
179.359637188,speech
185.273469387,nospeech
185.505668934,speech
187.290702947,nospeech
187.900226757,speech
188.560544217,nospeech
189.663492063,speech
190.447165532,nospeech
191.463038548,speech
193.560090702,nospeech
194.358276643,speech
195.707936507,nospeech
196.643990929,speech
199.299773242,nospeech
200.896145124,speech
202.565079365,nospeech
231.604535147,speech
232.511564625,nospeech
234.753741496,speech
235.131065759,nospeech
235.312471655,speech
235.871201814,nospeech
241.697959183,speech
242.975056689,nospeech
243.294331065,speech
243.678911564,nospeech
244.448072562,speech
246.320181405,nospeech
249.650793650,speech
251.501133786,nospeech
254.447165532,speech
254.831746031,nospeech
255.158276643,speech
256.551473922,nospeech
258.829931972,speech
259.780498866,nospeech
260.506122448,speech
264.112471655,nospeech
264.264852607,speech
266.557823129,nospeech
267.537414965,speech
267.769614512,nospeech
267.878458049,speech
268.698412698,nospeech
269.242630385,speech
272.602267573,nospeech
279.444897959,speech
282.390929705,nospeech
283.798639455,speech
289.712471655,nospeech
290.358276643,speech
293.826757369,nospeech
294.109750566,speech
298.390929705,nospeech
301.663492063,speech
302.556009070,nospeech
307.294331065,speech
308.716553287,nospeech
311.307029478,speech
313.745124716,nospeech
351.165532879,speech
351.368707482,nospeech
354.822675736,speech
355.446712018,nospeech
358.450793650,speech
358.944217687,nospeech
359.778684807,speech
360.685714285,nospeech
360.845351473,speech
361.774149659,nospeech
362.383673469,speech
362.826303854,nospeech
363.297959183,speech
364.016326530,nospeech
364.248526077,speech
365.300680272,nospeech
367.702494331,speech
368.718367346,nospeech
372.462585034,speech
373.420408163,nospeech
374.574149659,speech
374.828117913,nospeech
379.232653061,speech
379.631746031,nospeech
379.929251700,speech
380.807256235,nospeech
381.162811791,speech
382.381859410,nospeech
385.139229024,speech
385.516553287,nospeech
388.019954648,speech
388.636734693,nospeech
398.570521541,speech
399.121995464,nospeech
400.645804988,speech
401.414965986,nospeech
401.581859410,speech
402.380045351,nospeech
402.634013605,speech
403.940136054,nospeech
404.317460317,speech
404.462585034,nospeech
405.848526077,speech
406.175056689,nospeech
406.327437641,speech
408.003628117,nospeech
417.719727891,speech
422.102494331,nospeech
423.873015873,speech
424.939682539,nospeech
425.824943310,speech
426.630385487,nospeech
429.235374149,speech
430.751927437,nospeech
431.564625850,speech
433.574603174,nospeech
435.163718820,speech
436.382766439,nospeech
437.775963718,speech
438.799092970,nospeech
441.941043083,speech
442.811791383,nospeech
443.406802721,speech
443.537414965,nospeech
445.329705215,speech
445.612698412,nospeech
447.259863945,speech
447.390476190,nospeech
448.747392290,speech
449.081179138,nospeech
449.930158730,speech
450.104308390,nospeech
450.938775510,speech
451.889342403,nospeech
453.804988662,speech
454.291156462,nospeech
461.518367346,speech
462.468934240,nospeech
462.730158730,speech
463.049433106,nospeech
463.441269841,speech
465.843083900,nospeech
466.394557823,speech
466.575963718,nospeech
466.953287981,speech
467.091156462,nospeech
467.258049886,speech
468.382766439,nospeech
468.912471655,speech
469.231746031,nospeech
469.877551020,speech
471.873015873,nospeech
472.800000000,speech
473.200000000,nospeech
473.890249433,speech
474.173242630,nospeech
476.306575963,speech
477.387755102,nospeech
479.513832199,speech
480.674829931,nospeech
485.761451247,speech
486.066213151,nospeech
487.038548752,speech
487.481179138,nospeech
493.656235827,speech
494.991383219,nospeech
495.397732426,speech
498.793650793,nospeech
499.918367346,speech
501.754195011,nospeech
502.813605442,speech
510.258503401,nospeech
512.936054421,speech
513.734240362,nospeech
513.980952380,speech
514.423582766,nospeech
516.919727891,speech
519.974603174,nospeech
521.208163265,speech
521.375056689,nospeech
521.578231292,speech
522.006349206,nospeech
522.202267573,speech
522.681179138,nospeech
522.935147392,speech
523.167346938,nospeech
523.755102040,speech
526.004535147,nospeech
541.431292517,speech
541.830385487,nospeech
562.075283446,speech
563.649886621,nospeech
565.072108843,speech
565.594557823,nospeech
588.763718820,speech
589.460317460,nospeech
608.232199546,speech
609.052154195,nospeech
610.271201814,speech
611.664399092,nospeech
612.803628117,speech
614.109750566,nospeech
620.865306122,speech
621.707029478,nospeech
622.120634920,speech
623.107482993,nospeech
624.994104308,speech
625.436734693,nospeech
627.301587301,speech
627.599092970,nospeech
651.907482993,speech
652.952380952,nospeech
653.307936507,speech
653.946485260,nospeech
654.222222222,speech
654.476190476,nospeech
654.846258503,speech
655.426757369,nospeech
655.571882086,speech
656.696598639,nospeech
657.153741496,speech
658.249433106,nospeech
658.517913832,speech
659.497505668,nospeech
660.019954648,speech
660.578684807,nospeech
660.868934240,speech
662.791836734,nospeech
663.517460317,speech
664.177777777,nospeech
664.330158730,speech
664.983219954,nospeech
665.164625850,speech
666.000084807,nospeech
666.448979591,speech
667.152834467,nospeech
667.646258503,speech
667.900226757,nospeech
673.951927437,speech
676.288435374,nospeech
678.559637188,speech
679.372335600,nospeech
679.575510204,speech
680.380952380,nospeech
681.092063492,speech
682.978684807,nospeech
683.152834467,speech
683.297959183,nospeech
683.878458049,speech
684.125170068,nospeech
684.357369614,speech
687.492063492,nospeech
688.000010204,speech
689.073922902,nospeech
690.634013605,speech
691.127437641,nospeech
693.268027210,speech
693.521995464,nospeech
693.775963718,speech
694.907936507,nospeech
695.089342403,speech
695.771428571,nospeech
696.286621315,speech
696.946938775,nospeech
697.512925170,speech
697.723356009,nospeech
707.214512471,speech
708.317460317,nospeech
708.760090702,speech
709.587301587,nospeech
710.334693877,speech
711.270748299,nospeech
712.097959183,speech
713.084807256,nospeech
714.042630385,speech
714.608616780,nospeech
714.826303854,speech
714.993197278,nospeech
716.770975056,speech
718.556009070,nospeech
719.151020408,speech
720.892517006,nospeech
721.160997732,speech
721.814058956,nospeech
722.126077097,speech
724.019954648,nospeech
725.108390022,speech
725.884807256,nospeech
726.204081632,speech
726.791836734,nospeech
727.902040816,speech
729.476643990,nospeech
730.499773242,speech
732.727437641,nospeech
735.172789115,speech
736.326530612,nospeech
736.631292517,speech
738.111564625,nospeech
739.011337868,speech
739.787755102,nospeech
740.455328798,speech
740.992290249,nospeech
742.458049886,speech
745.658049886,nospeech
746.347392290,speech
746.572335600,nospeech
746.797278911,speech
747.370521541,nospeech
749.010430839,speech
749.619954648,nospeech
771.903854875,speech
772.491609977,nospeech
773.064852607,speech
773.594557823,nospeech
774.697505668,speech
776.141496598,nospeech
776.301133786,speech
776.939682539,nospeech
777.752380952,speech
778.688435374,nospeech
779.653514739,speech
783.187301587,nospeech
784.377324263,speech
785.023129251,nospeech
789.485714285,speech
791.256235827,nospeech
802.155102040,speech
803.482993197,nospeech
806.211337868,speech
807.205442176,nospeech
807.916553287,speech
808.830839002,nospeech
809.331519274,speech
809.839455782,nospeech
813.409523809,speech
813.627210884,nospeech
821.587301587,speech
821.826757369,nospeech
824.809070294,speech
825.077551020,nospeech
828.146938775,speech
828.633106575,nospeech
829.482086167,speech
829.750566893,nospeech
830.759183673,speech
831.034920634,nospeech
845.242630385,speech
845.590929705,nospeech
848.232199546,speech
848.863492063,nospeech
886.690249433,speech
887.190929705,nospeech
949.623582766,speech
951.502947845,nospeech
952.119727891,speech
952.758276643,nospeech
955.247165532,speech
955.544671201,nospeech
958.483446712,speech
959.063945578,nospeech
960.043537414,speech
961.160997732,nospeech
962.400000000,speech
963.127437641,nospeech
963.497505668,speech
964.012698412,nospeech
965.594557823,speech
966.349206349,nospeech
966.791836734,speech
967.263492063,nospeech
967.408616780,speech
967.836734693,nospeech
968.221315192,speech
968.627664399,nospeech
969.266213151,speech
970.238548752,nospeech
971.530158730,speech
972.546031746,nospeech
972.836281179,speech
974.331065759,nospeech
974.512471655,speech
980.041723356,nospeech
980.390022675,speech
980.818140589,nospeech
981.253514739,speech
982.429024943,nospeech
982.987755102,speech
986.180498866,nospeech
986.347392290,speech
987.058503401,nospeech
987.472108843,speech
987.943764172,nospeech
988.495238095,speech
989.162811791,nospeech
998.704761904,speech
999.822222222,nospeech
1004.248526077,speech
1005.329705215,nospeech
1006.338321995,speech
1007.484807256,nospeech
1009.364172335,speech
1010.227664399,nospeech
1010.409070294,speech
1011.800000000,nospeech
1012.048979591,speech
1013.384126984,nospeech
1014.617687074,speech
1016.816326530,nospeech
1021.199092970,speech
1022.113378684,nospeech
1022.788208616,speech
1023.252607709,nospeech
1023.731519274,speech
1025.023129251,nospeech
1026.242176870,speech
1027.279818594,nospeech
1027.678911564,speech
1028.847165532,nospeech
1031.764172335,speech
1032.054421768,nospeech
1036.096145124,speech
1036.321088435,nospeech
1045.006802721,speech
1045.188208616,nospeech
1045.507482993,speech
1045.761451247,nospeech
1057.618140589,speech
1063.147392290,nospeech
1064.598639455,speech
1066.405442176,nospeech
1073.073922902,speech
1073.407709750,nospeech
1073.951927437,speech
1075.482993197,nospeech
1078.980498866,speech
1079.183673469,nospeech
1086.316553287,speech
1086.606802721,nospeech
1087.158276643,speech
1089.494784580,nospeech
1089.915646258,speech
1090.336507936,nospeech
1091.134693877,speech
1091.853061224,nospeech
1092.912471655,speech
1093.877551020,nospeech
1094.283900226,speech
1094.516099773,nospeech
1095.147392290,speech
1095.989115646,nospeech
1096.939682539,speech
1097.955555555,nospeech
1098.543310657,speech
1099.798639455,nospeech
1100.001814058,speech
1100.379138321,nospeech
1101.191836734,speech
1105.190022675,nospeech
1108.709297052,speech
1108.905215419,nospeech
1109.427664399,speech
1110.037188208,nospeech
1110.617687074,speech
1112.823582766,nospeech
1113.636281179,speech
1116.342857142,nospeech
1117.032199546,speech
1120.058049886,nospeech
1134.265759637,speech
1136.029024943,nospeech
1136.420861678,speech
1138.953287981,nospeech
1142.537868480,speech
1146.064399092,nospeech
1148.705668934,speech
1149.387755102,nospeech
1151.194557823,speech
1153.436734693,nospeech
1154.670294784,speech
1164.531519274,nospeech
1165.112018140,speech
1166.534240362,nospeech
1176.315646258,speech
1176.743764172,nospeech
1198.846258503,speech
1199.963718820,nospeech
1206.138775510,speech
1206.828117913,nospeech
1207.190929705,speech
1208.540589569,nospeech
1210.601360544,speech
1211.508390022,nospeech
1211.798639455,speech
1213.177324263,nospeech
1213.837641723,speech
1214.860770975,nospeech
1215.165532879,speech
1218.133333333,nospeech
1218.699319727,speech
1219.824036281,nospeech
1220.136054421,speech
1222.087981859,nospeech
1222.588662131,speech
1223.415873015,nospeech
1223.633560090,speech
1226.325623582,nospeech
1226.644897959,speech
1227.326984126,nospeech
1227.718820861,speech
1228.451700680,nospeech
1232.769160997,speech
1233.160997732,nospeech
1234.467120181,speech
1236.302947845,nospeech
1236.455328798,speech
1236.897959183,nospeech
1237.311564625,speech
1238.719274376,nospeech
1239.198185941,speech
1240.054421768,nospeech
1240.148752834,speech
1241.549206349,nospeech
1241.774149659,speech
1243.798639455,nospeech
1243.885714285,speech
1245.946485260,nospeech
1246.164172335,speech
1248.645804988,nospeech
1248.798185941,speech
1256.888888888,nospeech
1257.295238095,speech
1258.666666666,nospeech
1258.790022675,speech
1260.887074829,nospeech
1268.774603174,speech
1269.217233560,nospeech
1270.095238095,speech
1272.823582766,nospeech
1273.055782312,speech
1274.630385487,nospeech
1283.432199546,speech
1284.774603174,nospeech
1285.681632653,speech
1286.146031746,nospeech
1288.678458049,speech
1290.550566893,nospeech
1291.007709750,speech
1292.364625850,nospeech
1293.133786848,speech
1294.367346938,nospeech
1295.042176870,speech
1295.600907029,nospeech
1296.312018140,speech
1298.213151927,nospeech
1298.503401360,speech
1299.359637188,nospeech
1310.468934240,speech
1311.223582766,nospeech
1315.062131519,speech
1317.064852607,nospeech
1318.537868480,speech
1319.546485260,nospeech
1320.838095238,speech
1321.309750566,nospeech
1321.846712018,speech
1323.776870748,nospeech
1324.785487528,speech
1326.113378684,nospeech
1330.902494331,speech
1331.802267573,nospeech
1332.194104308,speech
1335.394104308,nospeech
1336.409977324,speech
1337.034013605,nospeech
1348.825396825,speech
1349.572789115,nospeech
1358.490702947,speech
1359.956462585,nospeech
1434.100680272,speech
1434.731972789,nospeech
1435.668027210,speech
1437.344217687,nospeech
1465.600010340,speech
1466.028117913,nospeech
1471.557369614,speech
1472.159637188,nospeech
1472.638548752,speech
1473.073922902,nospeech
1552.159637188,speech
1553.197278911,nospeech
1605.463945578,speech
1606.835374149,nospeech
1608.068934240,speech
1608.591383219,nospeech
1609.752380952,speech
1610.318367346,nospeech
1611.043990929,speech
1611.697052154,nospeech
1611.878458049,speech
1612.734693877,nospeech
1613.395011337,speech
1614.323809523,nospeech
1614.846258503,speech
1615.180045351,nospeech
1615.383219954,speech
1615.622675736,nospeech
1615.767800453,speech
1617.175510204,nospeech
1617.335147392,speech
1617.835827664,nospeech
1618.009977324,speech
1618.815419501,nospeech
1619.635374149,speech
1621.282539682,nospeech
1621.732426303,speech
1623.800453514,nospeech
1624.388208616,speech
1624.518820861,nospeech
1624.743764172,speech
1624.859863945,nospeech
1625.367800453,speech
1625.800010340,nospeech
1626.020861678,speech
1626.405442176,nospeech
1629.191836734,speech
1636.027210884,nospeech
1637.101133786,speech
1637.239002267,nospeech
1644.103401360,speech
1644.887074829,nospeech
1645.373242630,speech
1646.091609977,nospeech
1646.868027210,speech
1647.020408163,nospeech
1647.375963718,speech
1648.384580498,nospeech
1665.523809523,speech
1666.053514739,nospeech
1668.702040816,speech
1670.175056689,nospeech
1672.395464852,speech
1672.961451247,nospeech
1677.039455782,speech
1677.257142857,nospeech
1691.522902494,speech
1692.096145124,nospeech
1692.952380952,speech
1694.149659863,nospeech
1695.143764172,speech
1695.709750566,nospeech
1695.898412698,speech
1696.428117913,nospeech
1699.192743764,speech
1699.932879818,nospeech
1700.774603174,speech
1702.552380952,nospeech
1702.965986394,speech
1703.575510204,nospeech
1703.822222222,speech
1705.070294784,nospeech
1705.280725623,speech
1706.202267573,nospeech
1706.913378684,speech
1707.646258503,nospeech
1715.381405895,speech
1716.426303854,nospeech
1749.754195011,speech
1750.109750566,nospeech
