0.000000000,nospeech
54.186666666,speech
63.129251700,nospeech
105.499863945,speech
106.126802721,nospeech
107.711564625,speech
111.072653061,nospeech
115.060680272,speech
116.271020408,nospeech
116.793469387,speech
118.421768707,nospeech
119.153197278,speech
119.884625850,nospeech
121.922176870,speech
123.158639455,nospeech
124.308027210,speech
128.661768707,nospeech
129.506394557,speech
130.020136054,nospeech
131.047619047,speech
132.397278911,nospeech
132.623673469,speech
134.652517006,nospeech
134.965986394,speech
135.096598639,nospeech
136.333061224,speech
139.136870748,nospeech
146.294421768,speech
148.706394557,nospeech
293.180952380,speech
294.713469387,nospeech
295.357823129,speech
295.514557823,nospeech
295.680000000,speech
296.158911564,nospeech
296.489795918,speech
297.334421768,nospeech
297.525986394,speech
299.041088435,nospeech
299.284897959,speech
299.493877551,nospeech
299.624489795,speech
299.772517006,nospeech
300.164353741,speech
302.384761904,nospeech
302.698231292,speech
302.846258503,nospeech
303.159727891,speech
303.621224489,nospeech
304.004353741,speech
305.057959183,nospeech
305.223401360,speech
306.120272108,nospeech
306.250884353,speech
307.034557823,nospeech
307.635374149,speech
308.244897959,nospeech
309.045986394,speech
309.664217687,nospeech
309.829659863,speech
310.743945578,nospeech
311.640816326,speech
312.041360544,nospeech
313.765442176,speech
315.106394557,nospeech
315.646258503,speech
316.577959183,nospeech
318.493605442,speech
319.851972789,nospeech
320.165442176,speech
321.706666666,nospeech
322.107210884,speech
322.307482993,nospeech
322.533877551,speech
323.308843537,nospeech
323.474285714,speech
323.744217687,nospeech
324.014149659,speech
325.668571428,nospeech
326.478367346,speech
326.835374149,nospeech
327.122721088,speech
327.932517006,nospeech
329.125442176,speech
329.717551020,nospeech
330.400000000,speech
331.459047619,nospeech
332.347210884,speech
332.625850340,nospeech
333.113469387,speech
334.175782312,nospeech
335.612517006,speech
336.200000000,nospeech
338.181224489,speech
339.260952380,nospeech
340.497414965,speech
341.194013605,nospeech
342.500136054,speech
342.970340136,nospeech
345.861224489,speech
346.427210884,nospeech
346.601360544,speech
346.784217687,nospeech
356.170884353,speech
361.029659863,nospeech
365.296326530,speech
369.258231292,nospeech
374.961632653,speech
376.006530612,nospeech
376.668299319,speech
377.469387755,nospeech
392.010884353,speech
394.309659863,nospeech
395.493877551,speech
399.699591836,nospeech
399.891156462,speech
404.079455782,nospeech
404.636734693,speech
406.282448979,nospeech
412.325442176,speech
413.335510204,nospeech
422.260680272,speech
423.227210884,nospeech
426.866938775,speech
428.025034013,nospeech
434.390204081,speech
435.165170068,nospeech
438.682993197,speech
439.405714285,nospeech
441.007891156,speech
442.819047619,nospeech
443.715918367,speech
444.264489795,nospeech
450.490340136,speech
454.095238095,nospeech
455.680000000,speech
456.420136054,nospeech
456.785850340,speech
457.465034013,nospeech
457.970068027,speech
462.593741496,nospeech
463.342585034,speech
464.013061224,nospeech
465.049251700,speech
465.937414965,nospeech
467.034557823,speech
472.415782312,nospeech
473.164625850,speech
475.271836734,nospeech
475.637551020,speech
483.326258503,nospeech
485.146122448,speech
488.585578231,nospeech
489.639183673,speech
491.607074829,nospeech
496.326530612,speech
497.197278911,nospeech
498.599183673,speech
499.217414965,nospeech
500.122993197,speech
501.011156462,nospeech
504.981768707,speech
507.315374149,nospeech
538.827755102,speech
539.506938775,nospeech
540.586666666,speech
541.953741496,nospeech
546.324897959,speech
546.568707482,nospeech
556.451700680,speech
563.269659863,nospeech
563.896598639,speech
568.476734693,nospeech
569.121088435,speech
576.287346938,nospeech
583.627755102,speech
586.309659863,nospeech
638.728707482,speech
640.914285714,nospeech
641.105850340,speech
642.620952380,nospeech
642.908299319,speech
643.274013605,nospeech
644.005442176,speech
644.702040816,nospeech
645.738231292,speech
645.964625850,nospeech
647.740952380,speech
649.334421768,nospeech
649.708843537,speech
650.527346938,nospeech
651.014965986,speech
651.981496598,nospeech
652.765170068,speech
655.159727891,nospeech
655.403537414,speech
655.708299319,nospeech
657.380136054,speech
658.790748299,nospeech
660.157823129,speech
661.751292517,nospeech
662.613333333,speech
666.165986394,nospeech
669.910204081,speech
670.206258503,nospeech
670.406530612,speech
671.373061224,nospeech
673.854693877,speech
674.455510204,nospeech
674.751564625,speech
675.813877551,nospeech
676.832653061,speech
676.989387755,nospeech
677.581496598,speech
678.008163265,nospeech
678.365170068,speech
678.661224489,nospeech
697.382312925,speech
697.782857142,nospeech
698.601360544,speech
699.202176870,nospeech
699.385034013,speech
699.907482993,nospeech
700.238367346,speech
700.882721088,nospeech
701.352925170,speech
703.651700680,nospeech
703.912925170,speech
706.142040816,nospeech
706.472925170,speech
707.840000000,nospeech
708.153469387,speech
709.520544217,nospeech
709.860136054,speech
711.453605442,nospeech
711.758367346,speech
713.134149659,nospeech
713.900408163,speech
714.466394557,nospeech
715.250068027,speech
718.254149659,nospeech
719.272925170,speech
724.297142857,nospeech
725.733877551,speech
727.875918367,nospeech
728.259047619,speech
729.225578231,nospeech
729.887346938,speech
730.853877551,nospeech
731.019319727,speech
732.212244897,nospeech
733.143945578,speech
735.947755102,nospeech
737.219047619,speech
739.543945578,nospeech
740.501768707,speech
743.375238095,nospeech
744.899047619,speech
745.665306122,nospeech
746.118095238,speech
747.067210884,nospeech
749.017687074,speech
752.544217687,nospeech
754.111564625,speech
757.507482993,nospeech
762.714557823,speech
764.220952380,nospeech
764.612789115,speech
766.763537414,nospeech
767.912925170,speech
768.766258503,nospeech
769.663129251,speech
770.803809523,nospeech
771.012789115,speech
772.998095238,nospeech
774.739591836,speech
776.315646258,nospeech
776.707482993,speech
777.856870748,nospeech
779.398095238,speech
779.763809523,nospeech
780.625850340,speech
781.017687074,nospeech
782.393469387,speech
783.238095238,nospeech
785.197278911,speech
786.607891156,nospeech
788.166530612,speech
788.445170068,nospeech
790.056054421,speech
791.292517006,nospeech
791.945578231,speech
792.407074829,nospeech
794.601360544,speech
795.019319727,nospeech
796.604081632,speech
797.196190476,nospeech
797.892789115,speech
799.869387755,nospeech
800.383129251,speech
801.323537414,nospeech
802.194285714,speech
803.953197278,nospeech
804.301496598,speech
806.034285714,nospeech
806.339047619,speech
807.270748299,nospeech
807.923809523,speech
808.907755102,nospeech
810.065850340,speech
811.363265306,nospeech
812.016326530,speech
813.365986394,nospeech
831.242448979,speech
831.912925170,nospeech
845.810068027,speech
846.872380952,nospeech
849.145034013,speech
851.330612244,nospeech
852.323265306,speech
855.632108843,nospeech
896.156734693,speech
896.896870748,nospeech
898.081088435,speech
898.899591836,nospeech
900.240544217,speech
900.789115646,nospeech
901.816598639,speech
902.696054421,nospeech
903.183673469,speech
906.919183673,nospeech
947.513469387,speech
950.108299319,nospeech
951.048707482,speech
952.938231292,nospeech
978.007074829,speech
979.252244897,nospeech
986.200816326,speech
987.141224489,nospeech
992.539863945,speech
993.915646258,nospeech
1001.865578231,speech
1002.797278911,nospeech
1008.500680272,speech
1011.487346938,nospeech
1012.236190476,speech
1013.925442176,nospeech
1082.348843537,speech
1083.271836734,nospeech
1083.846530612,speech
1085.213605442,nospeech
1086.110476190,speech
1087.251156462,nospeech
1088.261224489,speech
1089.576054421,nospeech
1104.779319727,speech
1105.946122448,nospeech
1106.224761904,speech
1108.271020408,nospeech
1110.447891156,speech
1112.198095238,nospeech
1112.990476190,speech
1113.582585034,nospeech
1118.981224489,speech
1121.941768707,nospeech
1122.551292517,speech
1123.622312925,nospeech
1124.475646258,speech
1125.607619047,nospeech
1125.799183673,speech
1126.757006802,nospeech
1126.922448979,speech
1127.566802721,nospeech
1127.801904761,speech
1128.542040816,nospeech
1138.259591836,speech
1141.742585034,nospeech
1168.997006802,speech
1170.634013605,nospeech
1189.720816326,speech
1190.225850340,nospeech
1190.783129251,speech
1191.096598639,nospeech
1192.890340136,speech
1193.256054421,nospeech
1193.578231292,speech
1197.557551020,nospeech
1197.871020408,speech
1203.000000000,nospeech
1203.452517006,speech
1204.227482993,nospeech
1204.480000000,speech
1206.430476190,nospeech
1206.665578231,speech
1210.009251700,nospeech
1210.348843537,speech
1210.671020408,nospeech
1211.010612244,speech
1212.456054421,nospeech
1212.786938775,speech
1213.309387755,nospeech
1213.588027210,speech
1244.168707482,nospeech
1244.604081632,speech
1255.462312925,nospeech
1257.299591836,speech
1260.260136054,nospeech
1260.982857142,speech
1268.950204081,nospeech
1271.605986394,speech
1272.380952380,nospeech
1280.487619047,speech
1291.284897959,nospeech
1300.654149659,speech
1300.924081632,nospeech
1308.264489795,speech
1308.934965986,nospeech
1309.344217687,speech
1309.666394557,nospeech
1310.014693877,speech
1310.371700680,nospeech
1310.502312925,speech
1310.798367346,nospeech
1312.609523809,speech
1313.367074829,nospeech
1313.697959183,speech
1315.892244897,nospeech
1316.745578231,speech
1317.189659863,nospeech
1320.585578231,speech
1321.560816326,nospeech
1323.102040816,speech
1323.720272108,nospeech
1325.435646258,speech
1326.306394557,nospeech
1329.954829931,speech
1330.398911564,nospeech
1331.879183673,speech
1335.057414965,nospeech
1339.959727891,speech
1341.466122448,nospeech
1347.195646258,speech
1348.066394557,nospeech
1350.382585034,speech
1350.931156462,nospeech
1353.404081632,speech
1357.592380952,nospeech
1357.914557823,speech
1359.124897959,nospeech
1360.561632653,speech
1361.266938775,nospeech
1363.696326530,speech
1363.957551020,nospeech
1449.830748299,speech
1450.013605442,nospeech
1450.292244897,speech
1450.910476190,nospeech
1517.409523809,speech
1518.245442176,nospeech
1518.410884353,speech
1518.881088435,nospeech
1519.011700680,speech
1520.282993197,nospeech
1520.918639455,speech
1521.658775510,nospeech
1521.841632653,speech
1522.451156462,nospeech
1522.877823129,speech
1523.870476190,nospeech
1524.192653061,speech
1525.655510204,nospeech
1526.935510204,speech
1528.659591836,nospeech
1528.859863945,speech
1529.425850340,nospeech
1529.791564625,speech
1530.435918367,nospeech
1531.707210884,speech
1533.849251700,nospeech
1534.232380952,speech
1535.851972789,nospeech
1536.949115646,speech
1538.533877551,nospeech
1549.653333333,speech
1550.550204081,nospeech
1555.905306122,speech
1556.819591836,nospeech
1558.082176870,speech
1559.057414965,nospeech
1559.745306122,speech
1560.006530612,nospeech
1560.581224489,speech
1561.826394557,nospeech
1562.044081632,speech
1562.653605442,nospeech
1563.149931972,speech
1563.942312925,nospeech
1564.334149659,speech
1564.908843537,nospeech
1565.744761904,speech
1566.310748299,nospeech
1566.972517006,speech
1567.529795918,nospeech
1567.677823129,speech
1568.034829931,nospeech
1569.567346938,speech
1571.152108843,nospeech
1571.456870748,speech
1573.511836734,nospeech
1575.749659863,speech
1577.299591836,nospeech
1577.717551020,speech
1579.502585034,nospeech
1582.524081632,speech
1584.169795918,nospeech
1584.735782312,speech
1585.606530612,nospeech
1587.260952380,speech
1588.776054421,nospeech
1590.143129251,speech
1590.865850340,nospeech
1597.831836734,speech
1598.336870748,nospeech
1598.615510204,speech
1598.780952380,nospeech
1599.364353741,speech
1600.827210884,nospeech
1604.292789115,speech
1604.850068027,nospeech
1606.060408163,speech
1607.201088435,nospeech
1608.751020408,speech
1609.090612244,nospeech
1609.604353741,speech
1610.379319727,nospeech
1627.184761904,speech
1628.064217687,nospeech
1628.360272108,speech
1628.987210884,nospeech
1630.040816326,speech
1630.641632653,nospeech
1631.712653061,speech
1632.000000000,nospeech
1632.104489795,speech
1632.330884353,nospeech
1632.714013605,speech
1633.880816326,nospeech
1634.098503401,speech
1636.815238095,nospeech
1637.250612244,speech
1642.849523809,nospeech
1643.049795918,speech
1643.668027210,nospeech
1643.981496598,speech
1644.503945578,nospeech
1644.747755102,speech
1645.122176870,nospeech
1645.322448979,speech
1645.818775510,nospeech
1646.323809523,speech
1646.689523809,nospeech
1648.082721088,speech
1648.709659863,nospeech
1649.676190476,speech
1650.834285714,nospeech
1651.095510204,speech
1651.278367346,nospeech
1651.400272108,speech
1654.378231292,nospeech
1654.604625850,speech
1657.573877551,nospeech
1661.248435374,speech
1661.979863945,nospeech
1662.241088435,speech
1662.833197278,nospeech
1663.164081632,speech
1664.156734693,nospeech
1664.444081632,speech
1666.821224489,nospeech
1667.500408163,speech
1669.598911564,nospeech
1670.112653061,speech
1671.436190476,nospeech
1671.793197278,speech
1672.385306122,nospeech
1673.238639455,speech
1673.569523809,nospeech
1677.514013605,speech
1678.942040816,nospeech
1713.145034013,speech
1713.380136054,nospeech
1716.767346938,speech
1718.831020408,nospeech
1719.092244897,speech
1720.528979591,nospeech
1754.139863945,speech
1756.351564625,nospeech
1757.143945578,speech
1758.702585034,nospeech
1759.233741496,speech
1764.667210884,nospeech
1765.120000000,speech
1766.965986394,nospeech
1767.462312925,speech
1771.206530612,nospeech
1771.702857142,speech
1772.294965986,nospeech
1772.582312925,speech
1774.000000000,nospeech
1775.290340136,speech
1776.997006802,nospeech
1777.179863945,speech
1779.017142857,nospeech
1779.461224489,speech
1779.940136054,nospeech
1780.227482993,speech
1782.169251700,nospeech
1782.352108843,speech
1783.013877551,nospeech
1783.309931972,speech
1784.084897959,nospeech
1790.780952380,speech
1791.137959183,nospeech
1793.785034013,speech
1795.265306122,nospeech
1795.909659863,speech
1797.964625850,nospeech
1798.487074829,speech
