0.000000000,nospeech
35.758730158,speech
36.295691609,nospeech
37.311564625,speech
37.558276643,nospeech
92.625850340,speech
96.522448979,nospeech
96.711111111,speech
107.929251700,nospeech
129.516553287,speech
129.756009070,nospeech
140.872562358,speech
141.351473922,nospeech
141.525623582,speech
142.592290249,nospeech
144.087074829,speech
144.616780045,nospeech
145.066666666,speech
146.648526077,nospeech
150.269387755,speech
151.452154195,nospeech
152.453514739,speech
153.875736961,nospeech
160.174149659,speech
160.536961451,nospeech
161.494784580,speech
162.924263038,nospeech
164.433560090,speech
166.175056689,nospeech
167.611791383,speech
168.547845804,nospeech
168.867120181,speech
170.695691609,nospeech
170.971428571,speech
171.762358276,nospeech
172.567800453,speech
173.307936507,nospeech
173.511111111,speech
176.391836734,nospeech
177.451247165,speech
177.886621315,nospeech
178.155102040,speech
179.033106575,nospeech
179.642630385,speech
179.911111111,nospeech
180.302947845,speech
181.333333333,nospeech
182.044444444,speech
183.140136054,nospeech
183.938321995,speech
184.264852607,nospeech
185.404081632,speech
186.964172335,nospeech
188.916099773,speech
189.474829931,nospeech
192.522448979,speech
192.914285714,nospeech
198.508843537,speech
199.771428571,nospeech
200.054421768,speech
201.055782312,nospeech
201.621768707,speech
202.695691609,nospeech
203.203628117,speech
204.647619047,nospeech
205.177324263,speech
206.200453514,nospeech
206.800000000,speech
208.522448979,nospeech
208.798185941,speech
209.668934240,nospeech
209.922902494,speech
213.391383219,nospeech
213.899319727,speech
214.922448979,nospeech
215.481179138,speech
215.655328798,nospeech
217.287981859,speech
217.462131519,nospeech
217.570975056,speech
217.810430839,nospeech
218.478004535,speech
220.937868480,nospeech
221.119274376,speech
222.526984126,nospeech
222.686621315,speech
224.573242630,nospeech
224.725623582,speech
225.400000000,nospeech
231.735147392,speech
232.330158730,nospeech
234.441723356,speech
237.184580498,nospeech
238.795464852,speech
242.786394557,nospeech
243.475736961,speech
246.857142857,nospeech
249.534693877,speech
249.723356009,nospeech
253.242630385,speech
254.062585034,nospeech
255.629931972,speech
256.558730158,nospeech
256.674829931,speech
257.516553287,nospeech
258.169614512,speech
258.604988662,nospeech
259.570068027,speech
260.078004535,nospeech
260.781859410,speech
261.841269841,nospeech
262.189569160,speech
264.917913832,nospeech
265.396825396,speech
266.245804988,nospeech
267.385034013,speech
270.621315192,nospeech
271.303401360,speech
272.348299319,nospeech
272.907029478,speech
273.850340136,nospeech
274.126077097,speech
276.099773242,nospeech
276.694784580,speech
277.376870748,nospeech
279.698866213,speech
279.909297052,nospeech
285.032199546,speech
286.563265306,nospeech
287.259863945,speech
287.709750566,nospeech
287.963718820,speech
289.233560090,nospeech
289.821315192,speech
290.075283446,nospeech
302.302040816,speech
303.804081632,nospeech
304.101587301,speech
306.829931972,nospeech
307.330612244,speech
309.166439909,nospeech
309.355102040,speech
311.742403628,nospeech
311.960090702,speech
319.484807256,nospeech
319.796825396,speech
321.153741496,nospeech
321.400453514,speech
322.532426303,nospeech
322.757369614,speech
324.832653061,nospeech
325.202721088,speech
328.424489795,nospeech
330.840816326,speech
331.994557823,nospeech
333.213605442,speech
335.789569160,nospeech
343.256235827,speech
343.582766439,nospeech
355.156462585,speech
355.671655328,nospeech
356.723809523,speech
357.950113378,nospeech
358.508843537,speech
359.749659863,nospeech
362.071655328,speech
365.619954648,nospeech
366.185941043,speech
367.673469387,nospeech
368.203174603,speech
368.827210884,nospeech
370.017233560,speech
371.040362811,nospeech
372.600000000,speech
373.645351473,nospeech
375.887528344,speech
378.768253968,nospeech
380.894331065,speech
381.155555555,nospeech
383.782312925,speech
383.956462585,nospeech
385.131972789,speech
385.683446712,nospeech
394.456235827,speech
396.770975056,nospeech
400.928798185,speech
402.336507936,nospeech
402.873469387,speech
404.506122448,nospeech
405.746938775,speech
406.806349206,nospeech
408.170521541,speech
409.483900226,nospeech
409.643537414,speech
410.550566893,nospeech
411.370521541,speech
413.075736961,nospeech
413.728798185,speech
415.978231292,nospeech
417.211791383,speech
417.668934240,nospeech
417.864852607,speech
419.330612244,nospeech
420.564172335,speech
421.391383219,nospeech
421.942857142,speech
423.365079365,nospeech
425.629024943,speech
426.717460317,nospeech
428.045351473,speech
429.387755102,nospeech
430.026303854,speech
430.577777777,nospeech
430.853514739,speech
431.789569160,nospeech
432.841723356,speech
433.574603174,nospeech
435.359637188,speech
435.599092970,nospeech
436.825396825,speech
437.725170068,nospeech
440.475283446,speech
442.927891156,nospeech
445.714285714,speech
446.004535147,nospeech
448.181405895,speech
449.538321995,nospeech
450.510657596,speech
451.258049886,nospeech
456.076190476,speech
459.704308390,nospeech
461.460317460,speech
461.939229024,nospeech
474.935147392,speech
477.699773242,nospeech
478.200453514,speech
481.872108843,nospeech
482.213151927,speech
485.790476190,nospeech
487.336054421,speech
489.157369614,nospeech
489.556462585,speech
490.405442176,nospeech
490.760997732,speech
492.270294784,nospeech
493.953741496,speech
506.122448979,nospeech
513.124716553,speech
513.385941043,nospeech
513.806802721,speech
515.033106575,nospeech
528.841723356,speech
533.144671201,nospeech
533.565532879,speech
534.682993197,nospeech
534.799092970,speech
537.041269841,nospeech
537.556462585,speech
538.601360544,nospeech
540.183219954,speech
540.763718820,nospeech
541.119274376,speech
543.230839002,nospeech
543.506575963,speech
546.118820861,nospeech
552.642176870,speech
553.396825396,nospeech
564.455328798,speech
567.938321995,nospeech
569.150113378,speech
570.078911564,nospeech
570.782766439,speech
572.408163265,nospeech
575.375963718,speech
576.457142857,nospeech
576.994104308,speech
577.893877551,nospeech
578.292970521,speech
578.641269841,nospeech
578.887981859,speech
579.736961451,nospeech
584.946938775,speech
585.629024943,nospeech
586.071655328,speech
586.456235827,nospeech
586.688435374,speech
586.978684807,nospeech
587.218140589,speech
587.697052154,nospeech
588.117913832,speech
588.299319727,nospeech
589.794104308,speech
591.854875283,nospeech
593.458503401,speech
596.658503401,nospeech
598.117006802,speech
598.407256235,nospeech
599.205442176,speech
613.674376417,nospeech
614.029931972,speech
621.707029478,nospeech
623.071201814,speech
623.753287981,nospeech
624.275736961,speech
625.618140589,nospeech
626.292970521,speech
630.291156462,nospeech
630.697505668,speech
633.549206349,nospeech
633.832199546,speech
635.486621315,nospeech
635.718820861,speech
638.860770975,nospeech
640.921541950,speech
642.329251700,nospeech
642.648526077,speech
642.713832199,nospeech
643.279818594,speech
643.584580498,nospeech
643.722448979,speech
645.122902494,nospeech
646.058956916,speech
647.365079365,nospeech
655.368707482,speech
656.290249433,nospeech
657.037641723,speech
657.342403628,nospeech
658.336507936,speech
658.626757369,nospeech
659.308843537,speech
660.136054421,nospeech
660.622222222,speech
662.421768707,nospeech
667.668027210,speech
669.721541950,nospeech
671.847619047,speech
672.754648526,nospeech
673.008616780,speech
675.381405895,nospeech
677.333333333,speech
677.551020408,nospeech
694.349206349,speech
694.733786848,nospeech
694.980498866,speech
695.597278911,nospeech
697.200907029,speech
698.049886621,nospeech
700.016326530,speech
704.551473922,nospeech
705.255328798,speech
706.409070294,nospeech
706.786394557,speech
707.192743764,nospeech
707.628117913,speech
708.027210884,nospeech
708.179591836,speech
713.875736961,nospeech
713.991836734,speech
715.450340136,nospeech
715.892970521,speech
718.454421768,nospeech
718.788208616,speech
719.912925170,nospeech
720.029024943,speech
721.799546485,nospeech
722.060770975,speech
723.512018140,nospeech
723.947392290,speech
724.223129251,nospeech
724.868934240,speech
725.863038548,nospeech
726.269387755,speech
727.200000000,nospeech
727.495691609,speech
729.179138321,nospeech
733.670748299,speech
734.120634920,nospeech
734.889795918,speech
735.978231292,nospeech
736.101587301,speech
739.512018140,nospeech
739.795011337,speech
741.536507936,nospeech
741.826757369,speech
742.741043083,nospeech
742.893424036,speech
744.018140589,nospeech
746.456235827,speech
748.204988662,nospeech
748.575056689,speech
749.496598639,nospeech
750.026303854,speech
750.969614512,nospeech
752.072562358,speech
752.800000000,nospeech
753.008616780,speech
753.726984126,nospeech
754.039002267,speech
754.728344671,nospeech
755.954648526,speech
756.353741496,nospeech
757.398639455,speech
760.163265306,nospeech
760.475283446,speech
761.092063492,nospeech
762.049886621,speech
763.014965986,nospeech
765.119274376,speech
780.466213151,nospeech
780.858049886,speech
781.336961451,nospeech
781.946485260,speech
782.512471655,nospeech
784.645804988,speech
785.770521541,nospeech
785.973696145,speech
786.953287981,nospeech
787.504761904,speech
787.787755102,nospeech
788.803628117,speech
789.115646258,nospeech
796.190476190,speech
797.416780045,nospeech
797.866666666,speech
798.316553287,nospeech
798.606802721,speech
799.673469387,nospeech
799.898412698,speech
800.500680272,nospeech
802.184126984,speech
804.317460317,nospeech
805.347845804,speech
805.478458049,nospeech
805.630839002,speech
805.935600907,nospeech
806.312925170,speech
806.414512471,nospeech
808.671201814,speech
812.451700680,nospeech
812.734693877,speech
813.228117913,nospeech
813.322448979,speech
814.331065759,nospeech
814.802721088,speech
817.400453514,nospeech
819.214512471,speech
820.883446712,nospeech
821.050340136,speech
822.378231292,nospeech
824.453514739,speech
825.389569160,nospeech
867.011337868,speech
867.831292517,nospeech
869.224489795,speech
873.723356009,nospeech
874.978684807,speech
875.798639455,nospeech
877.714285714,speech
879.303401360,nospeech
879.441269841,speech
879.629931972,nospeech
880.058049886,speech
880.188662131,nospeech
880.377324263,speech
880.834467120,nospeech
881.066666666,speech
881.197278911,nospeech
881.407709750,speech
882.430839002,nospeech
882.619501133,speech
883.628117913,nospeech
883.874829931,speech
884.803628117,nospeech
885.057596371,speech
885.369614512,nospeech
885.521995464,speech
888.729251700,nospeech
888.983219954,speech
892.575056689,nospeech
892.741950113,speech
894.302040816,nospeech
895.325170068,speech
897.407709750,nospeech
898.075283446,speech
898.510657596,nospeech
898.655782312,speech
900.360997732,nospeech
901.645351473,speech
904.018140589,nospeech
905.469387755,speech
922.826303854,nospeech
923.305215419,speech
923.936507936,nospeech
924.299319727,speech
924.966893424,nospeech
927.107482993,speech
927.709750566,nospeech
928.863492063,speech
929.712471655,nospeech
938.804535147,speech
939.087528344,nospeech
939.450340136,speech
939.943764172,nospeech
940.212244897,speech
940.502494331,nospeech
941.017687074,speech
944.304761904,nospeech
944.406349206,speech
945.988208616,nospeech
946.213151927,speech
946.800907029,nospeech
948.136054421,speech
948.926984126,nospeech
949.362358276,speech
950.356462585,nospeech
950.653968253,speech
951.415873015,nospeech
952.097959183,speech
955.051247165,nospeech
955.551927437,speech
957.206349206,nospeech
957.511111111,speech
964.941496598,nospeech
967.321541950,speech
968.758276643,nospeech
969.367800453,speech
970.245804988,nospeech
970.521541950,speech
973.467573696,nospeech
973.837641723,speech
974.505215419,nospeech
974.991383219,speech
975.804081632,nospeech
976.000000000,speech
976.420861678,nospeech
984.903401360,speech
987.239909297,nospeech
988.379138321,speech
991.259863945,nospeech
993.044897959,speech
996.186848072,nospeech
1004.415419501,speech
1004.763718820,nospeech
1005.358730158,speech
1006.628571428,nospeech
1007.579138321,speech
1008.950566893,nospeech
1009.748752834,speech
1011.446712018,nospeech
1012.107029478,speech
1012.564172335,nospeech
1012.716553287,speech
1012.941496598,nospeech
1013.246258503,speech
1016.859863945,nospeech
1017.048526077,speech
1017.425850340,nospeech
1019.639002267,speech
1020.908843537,nospeech
1021.017687074,speech
1021.990022675,nospeech
1023.811337868,speech
1024.079818594,nospeech
1024.565986394,speech
1026.118820861,nospeech
1027.403174603,speech
1029.761451247,nospeech
1030.233106575,speech
1032.859863945,nospeech
1033.229931972,speech
1033.948299319,nospeech
1034.303854875,speech
1037.561904761,nospeech
1037.960997732,speech
1039.390476190,nospeech
1040.507936507,speech
1041.668934240,nospeech
1041.966439909,speech
1043.214512471,nospeech
1044.535147392,speech
1045.623582766,nospeech
1047.009523809,speech
1048.330158730,nospeech
1049.730612244,speech
1051.189115646,nospeech
1053.191836734,speech
1054.526984126,nospeech
1055.000000000,speech
1055.782312925,nospeech
1056.072562358,speech
1056.848979591,nospeech
1057.480272108,speech
1058.837188208,nospeech
1059.700680272,speech
1060.839909297,nospeech
1061.696145124,speech
1063.437641723,nospeech
1063.655328798,speech
1064.228571428,nospeech
1064.656689342,speech
1065.266213151,nospeech
1070.519727891,speech
1071.644444444,nospeech
1071.854875283,speech
1072.928798185,nospeech
1073.139229024,speech
1077.913832199,nospeech
1078.022675736,speech
1078.871655328,nospeech
1079.096598639,speech
1079.263492063,nospeech
1079.394104308,speech
1079.974603174,nospeech
1080.322902494,speech
1084.081632653,nospeech
1085.199092970,speech
1085.648979591,nospeech
1085.794104308,speech
1086.222222222,nospeech
1086.556009070,speech
1086.846258503,nospeech
1087.071201814,speech
1087.800000000,nospeech
1088.210430839,speech
1089.000000000,nospeech
1095.205442176,speech
1095.720634920,nospeech
1097.186394557,speech
1098.376417233,nospeech
1099.682539682,speech
1101.075736961,nospeech
1101.982766439,speech
1102.621315192,nospeech
1105.320634920,speech
1106.380045351,nospeech
1107.577324263,speech
1107.911111111,nospeech
1108.107029478,speech
1108.767346938,nospeech
1108.977777777,speech
1109.253514739,nospeech
1109.521995464,speech
1109.790476190,nospeech
1110.037188208,speech
1110.755555555,nospeech
1110.951473922,speech
1112.076190476,nospeech
1112.961451247,speech
1115.617233560,nospeech
1116.038095238,speech
1117.162811791,nospeech
1135.412244897,speech
1136.805442176,nospeech
1139.069387755,speech
1140.223129251,nospeech
1140.774603174,speech
1141.906575963,nospeech
1160.025396825,speech
1160.801814058,nospeech
1172.078004535,speech
1172.506122448,nospeech
1173.260770975,speech
1173.616326530,nospeech
1176.315646258,speech
1176.932426303,nospeech
1178.543310657,speech
1178.920634920,nospeech
1179.849433106,speech
1180.458956916,nospeech
1181.721541950,speech
1182.766439909,nospeech
1184.239455782,speech
1185.066666666,nospeech
1185.190022675,speech
1185.443990929,nospeech
1191.546485260,speech
1192.751020408,nospeech
1193.266213151,speech
1195.102040816,nospeech
1198.548752834,speech
1199.121995464,nospeech
1199.833106575,speech
1200.145124716,nospeech
1200.507936507,speech
1201.886621315,nospeech
1202.938775510,speech
1203.889342403,nospeech
1204.056235827,speech
1204.556916099,nospeech
1205.463945578,speech
1206.944217687,nospeech
1207.742403628,speech
1208.997732426,nospeech
1209.324263038,speech
1211.486621315,nospeech
1214.497959183,speech
1216.079818594,nospeech
1217.226303854,speech
1219.925623582,nospeech
1220.956009070,speech
1221.282539682,nospeech
1223.372335600,speech
1224.228571428,nospeech
1226.913378684,speech
1228.110657596,nospeech
1228.611337868,speech
1231.172789115,nospeech
1232.210430839,speech
1233.059410430,nospeech
1233.298866213,speech
1233.937414965,nospeech
1238.283900226,speech
1239.502947845,nospeech
1241.346031746,speech
1242.746485260,nospeech
1242.913378684,speech
1243.660770975,nospeech
1244.125170068,speech
1245.061224489,nospeech
1245.336961451,speech
1246.142403628,nospeech
1246.389115646,speech
1246.918820861,nospeech
1247.404988662,speech
1248.711111111,nospeech
1254.443537414,speech
1255.568253968,nospeech
1257.063038548,speech
1257.800000000,nospeech
1260.567800453,speech
1261.496598639,nospeech
1262.077097505,speech
1262.853514739,nospeech
1265.001360544,speech
1265.973696145,nospeech
1266.996825396,speech
1267.301587301,nospeech
1269.376870748,speech
1270.037188208,nospeech
1271.241723356,speech
1271.619047619,nospeech
1273.171882086,speech
1273.629024943,nospeech
1273.795918367,speech
1274.434467120,nospeech
1299.112925170,speech
1299.570068027,nospeech
1301.384126984,speech
1301.739682539,nospeech
1302.944217687,speech
1303.270748299,nospeech
1306.165986394,speech
1306.964172335,nospeech
1314.496145124,speech
1316.085260770,nospeech
1316.810884353,speech
1318.574149659,nospeech
1320.917913832,speech
1322.884353741,nospeech
1323.080272108,speech
1324.117913832,nospeech
1324.807256235,speech
1326.454421768,nospeech
1326.918820861,speech
1328.000000000,nospeech
1328.595011337,speech
1329.748752834,nospeech
1331.330612244,speech
1334.283900226,nospeech
1334.465306122,speech
1335.996371882,nospeech
1336.533333333,speech
1337.309750566,nospeech
1337.752380952,speech
1338.775510204,nospeech
1339.508390022,speech
1341.583673469,nospeech
1342.744671201,speech
1343.905668934,nospeech
1403.675283446,speech
1407.252607709,nospeech
1408.870748299,speech
1411.983673469,nospeech
1413.072108843,speech
1413.826757369,nospeech
1416.584126984,speech
1419.218140589,nospeech
1421.184580498,speech
1421.931972789,nospeech
1422.178684807,speech
1424.058049886,nospeech
1426.561451247,speech
1428.143310657,nospeech
1430.029931972,speech
1430.820861678,nospeech
1434.064399092,speech
1436.270294784,nospeech
1445.028571428,speech
1445.623582766,nospeech
1451.653514739,speech
1452.219501133,nospeech
1460.571428571,speech
1461.093877551,nospeech
1461.268027210,speech
1461.986394557,nospeech
1463.082086167,speech
1463.887528344,nospeech
1465.498412698,speech
1466.920634920,nospeech
1467.588208616,speech
1468.800000000,nospeech
1468.981405895,speech
1469.968253968,nospeech
1470.309297052,speech
1471.818594104,nospeech
1472.667573696,speech
1473.770521541,nospeech
1481.012244897,speech
1482.020861678,nospeech
1483.392290249,speech
1483.951020408,nospeech
1485.518367346,speech
1487.129251700,nospeech
1488.137868480,speech
1488.979591836,nospeech
1489.226303854,speech
1490.430839002,nospeech
1491.969160997,speech
1493.195464852,nospeech
1493.790476190,speech
1493.964625850,nospeech
1494.189569160,speech
1495.785941043,nospeech
1497.004988662,speech
1497.708843537,nospeech
1498.071655328,speech
1500.001814058,nospeech
1500.734693877,speech
1501.975510204,nospeech
1504.957823129,speech
1505.618140589,nospeech
1506.909750566,speech
1507.091156462,nospeech
1508.963265306,speech
1510.233106575,nospeech
1510.806349206,speech
1511.756916099,nospeech
1512.003628117,speech
1513.498412698,nospeech
1513.948299319,speech
1514.964172335,nospeech
1515.566439909,speech
1516.785487528,nospeech
1517.641723356,speech
1518.011791383,nospeech
1519.042176870,speech
1521.284353741,nospeech
1521.799546485,speech
1523.613605442,nospeech
1523.947392290,speech
1524.665759637,nospeech
1525.863038548,speech
1526.537868480,nospeech
1532.292063492,speech
1532.625850340,nospeech
1533.859410430,speech
1534.156916099,nospeech
1553.596371882,speech
1554.583219954,nospeech
1556.934240362,speech
1557.217233560,nospeech
1557.601814058,speech
1558.305668934,nospeech
1558.704761904,speech
1559.132879818,nospeech
1563.769614512,speech
1564.611337868,nospeech
1567.034920634,speech
1567.651700680,nospeech
1567.804081632,speech
1568.986848072,nospeech
1576.874376417,speech
1577.476643990,nospeech
1584.703854875,speech
1586.147845804,nospeech
1586.858956916,speech
1588.455328798,nospeech
1734.936961451,speech
1735.502947845,nospeech
1737.157369614,speech
1737.570975056,nospeech
1738.361904761,speech
1739.043990929,nospeech
1743.535600907,speech
1744.377324263,nospeech
1745.008616780,speech
1746.111564625,nospeech
1746.568707482,speech
1747.366893424,nospeech
1749.057596371,speech
1750.225850340,nospeech
1753.875736961,speech
1754.782766439,nospeech
1756.117913832,speech
1756.444444444,nospeech
1756.654875283,speech
1757.278911564,nospeech
1758.468934240,speech
1758.817233560,nospeech
1761.937414965,speech
1762.445351473,nospeech
1762.800907029,speech
1763.279818594,nospeech
1763.911111111,speech
1764.912471655,nospeech
1765.456689342,speech
1766.668480725,nospeech
1767.176417233,speech
1767.967346938,nospeech
1770.144217687,speech
1770.419954648,nospeech
1771.254421768,speech
1772.589569160,nospeech
1773.692517006,speech
1774.998639455,nospeech
1775.854875283,speech
1778.430839002,nospeech
1780.375510204,speech
1781.064852607,nospeech
1781.456689342,speech
1782.472562358,nospeech
1784.395464852,speech
1785.541950113,nospeech
1786.514285714,speech
1786.746485260,nospeech
1787.160090702,speech
1788.560544217,nospeech
1790.860770975,speech
1791.463038548,nospeech
1794.575963718,speech
1795.780498866,nospeech
