0.000000000,nospeech
78.486349206,speech
79.746031746,nospeech
86.979047619,speech
87.486984126,nospeech
88.807619047,speech
89.681269841,nospeech
90.473650793,speech
92.505396825,nospeech
93.775238095,speech
94.801269841,nospeech
97.330793650,speech
98.336507936,nospeech
101.221587301,speech
102.562539682,nospeech
103.862857142,speech
104.939682539,nospeech
105.305396825,speech
106.402539682,nospeech
107.255873015,speech
108.210793650,nospeech
108.678095238,speech
109.307936507,nospeech
109.734603174,speech
110.425396825,nospeech
111.319365079,speech
112.446984126,nospeech
114.468571428,speech
115.697777777,nospeech
116.256507936,speech
116.764444444,nospeech
117.373968253,speech
118.064761904,nospeech
120.563809523,speech
121.437460317,nospeech
125.318095238,speech
126.140952380,nospeech
127.004444444,speech
127.756190476,nospeech
130.844444444,speech
131.799365079,nospeech
133.465396825,speech
134.217142857,nospeech
136.076190476,speech
137.732063492,nospeech
139.733333333,speech
140.647619047,nospeech
327.954285714,speech
328.716190476,nospeech
329.894603174,speech
331.824761904,nospeech
393.467936507,speech
393.996190476,nospeech
394.971428571,speech
395.702857142,nospeech
395.946666666,speech
397.836190476,nospeech
398.000000000,speech
398.405079365,nospeech
407.547936507,speech
408.076190476,nospeech
408.441904761,speech
409.112380952,nospeech
410.819047619,speech
411.509841269,nospeech
412.332698412,speech
413.094603174,nospeech
451.677460317,speech
453.556825396,nospeech
454.267936507,speech
455.090793650,nospeech
457.975873015,speech
458.524444444,nospeech
459.103492063,speech
460.718730158,nospeech
460.982857142,speech
461.400000000,nospeech
462.953650793,speech
464.274285714,nospeech
464.670476190,speech
467.200000000,nospeech
467.687619047,speech
468.845714285,nospeech
469.069206349,speech
470.796190476,nospeech
471.456507936,speech
472.787301587,nospeech
473.031111111,speech
474.270476190,nospeech
474.717460317,speech
475.652063492,nospeech
481.869206349,speech
484.205714285,nospeech
485.475555555,speech
486.034285714,nospeech
487.334603174,speech
487.558095238,nospeech
489.061587301,speech
489.650793650,nospeech
493.704126984,speech
494.587936507,nospeech
495.867936507,speech
496.213333333,nospeech
498.224761904,speech
500.053333333,nospeech
502.653968253,speech
503.690158730,nospeech
506.676825396,speech
507.367619047,nospeech
508.241269841,speech
509.663492063,nospeech
511.410793650,speech
512.264126984,nospeech
513.452698412,speech
514.539682539,nospeech
516.165079365,speech
516.551111111,nospeech
518.044444444,speech
519.395555555,nospeech
521.142857142,speech
522.544761904,nospeech
526.557460317,speech
527.400634920,nospeech
528.335238095,speech
530.671746031,nospeech
531.504761904,speech
534.511746031,nospeech
535.507301587,speech
536.076190476,nospeech
538.554920634,speech
539.123809523,nospeech
540.281904761,speech
540.982857142,nospeech
541.683809523,speech
542.069841269,nospeech
555.052698412,speech
555.804444444,nospeech
557.145396825,speech
557.389206349,nospeech
557.917460317,speech
558.323809523,nospeech
566.064761904,speech
568.645079365,nospeech
568.878730158,speech
570.737777777,nospeech
571.509841269,speech
573.701224489,nospeech
574.084353741,speech
575.886802721,nospeech
576.304761904,speech
577.245170068,nospeech
577.533968253,speech
578.490340136,nospeech
578.864761904,speech
579.369795918,nospeech
579.687619047,speech
581.207074829,nospeech
583.436190476,speech
584.002176870,nospeech
587.903129251,speech
588.286258503,nospeech
589.252789115,speech
590.654693877,nospeech
591.142312925,speech
591.560272108,nospeech
595.250793650,speech
597.594557823,nospeech
597.820952380,speech
599.370884353,nospeech
600.015238095,speech
600.938231292,nospeech
601.752380952,speech
604.403809523,nospeech
605.053968253,speech
606.188843537,nospeech
608.191564625,speech
610.908299319,nospeech
613.170793650,speech
616.045714285,nospeech
616.523174603,speech
619.432925170,nospeech
620.747755102,speech
621.800000000,nospeech
627.234829931,speech
627.635374149,nospeech
628.815238095,speech
629.873197278,nospeech
631.019682539,speech
633.521632653,nospeech
635.448888888,speech
636.891428571,nospeech
637.248435374,speech
638.545850340,nospeech
641.137777777,speech
641.915646258,nospeech
642.336507936,speech
643.152108843,nospeech
644.673015873,speech
646.217142857,nospeech
647.558095238,speech
648.777142857,nospeech
648.942585034,speech
649.639183673,nospeech
650.849523809,speech
653.627210884,nospeech
655.502222222,speech
656.709659863,nospeech
657.859047619,speech
659.025850340,nospeech
660.053333333,speech
662.195374149,nospeech
662.999365079,speech
663.745306122,nospeech
665.808979591,speech
668.160000000,nospeech
668.839183673,speech
669.152653061,nospeech
669.588027210,speech
670.151111111,nospeech
671.817142857,speech
673.697959183,nospeech
674.438095238,speech
676.762993197,nospeech
677.323174603,speech
677.868843537,nospeech
678.521904761,speech
680.960000000,nospeech
681.955555555,speech
682.466394557,nospeech
683.062857142,speech
684.756462585,nospeech
686.181587301,speech
693.133061224,nospeech
694.877460317,speech
697.573877551,nospeech
698.036825396,speech
701.165714285,nospeech
701.422585034,speech
702.972517006,nospeech
703.573333333,speech
704.696598639,nospeech
706.446802721,speech
707.850158730,nospeech
708.911020408,speech
710.060408163,nospeech
711.070476190,speech
712.663945578,nospeech
713.700136054,speech
714.300952380,nospeech
715.367619047,speech
718.611156462,nospeech
718.831746031,speech
719.377414965,nospeech
720.152380952,speech
723.452517006,nospeech
724.236190476,speech
727.336054421,nospeech
728.015238095,speech
729.121088435,nospeech
730.348843537,speech
731.785578231,nospeech
732.865306122,speech
733.945034013,nospeech
735.007346938,speech
735.346938775,nospeech
737.776326530,speech
739.200000000,nospeech
747.926349206,speech
750.889795918,nospeech
751.624126984,speech
753.046349206,nospeech
753.828571428,speech
755.504761904,nospeech
756.096870748,speech
756.636734693,nospeech
756.926984126,speech
758.822312925,nospeech
760.616054421,speech
761.164625850,nospeech
762.626031746,speech
764.264489795,nospeech
765.379047619,speech
768.339591836,nospeech
770.641269841,speech
771.555555555,nospeech
773.059047619,speech
773.536507936,nospeech
830.019047619,speech
832.095782312,nospeech
835.088253968,speech
836.101224489,nospeech
838.400000000,speech
839.967346938,nospeech
843.367619047,speech
844.810158730,nospeech
859.977142857,speech
860.760816326,nospeech
863.065396825,speech
865.280000000,nospeech
869.642448979,speech
870.382585034,nospeech
875.284897959,speech
875.713015873,nospeech
875.916190476,speech
876.582312925,nospeech
878.181587301,speech
879.995646258,nospeech
880.558730158,speech
883.342222222,nospeech
883.545396825,speech
885.185306122,nospeech
887.446349206,speech
889.569523809,nospeech
889.782857142,speech
890.279183673,nospeech
890.656507936,speech
892.543129251,nospeech
897.419319727,speech
898.960544217,nospeech
899.326258503,speech
901.755646258,nospeech
901.964625850,speech
903.366530612,nospeech
903.653877551,speech
904.315646258,nospeech
904.655238095,speech
905.650793650,nospeech
909.810068027,speech
911.107482993,nospeech
911.447074829,speech
913.354013605,nospeech
913.545578231,speech
915.017142857,nospeech
939.311020408,speech
940.556190476,nospeech
940.779682539,speech
944.613877551,nospeech
945.036190476,speech
946.799455782,nospeech
947.278367346,speech
948.349387755,nospeech
948.810884353,speech
949.394285714,nospeech
983.989115646,speech
984.407074829,nospeech
985.826394557,speech
987.080272108,nospeech
987.672380952,speech
988.368979591,nospeech
988.978503401,speech
990.223673469,nospeech
992.731428571,speech
995.265306122,nospeech
998.321632653,speech
998.948571428,nospeech
999.749659863,speech
1000.751020408,nospeech
1001.726258503,speech
1003.171700680,nospeech
1004.286258503,speech
1004.817414965,nospeech
1005.740408163,speech
1006.167074829,nospeech
1007.055238095,speech
1007.612517006,nospeech
1008.840272108,speech
1009.545578231,nospeech
1011.269659863,speech
1013.690340136,nospeech
1015.693061224,speech
1018.991746031,nospeech
1024.357006802,speech
1027.200000000,nospeech
1033.508571428,speech
1034.379319727,nospeech
1035.075918367,speech
1037.531428571,nospeech
1037.949387755,speech
1039.847619047,nospeech
1040.596462585,speech
1041.676190476,nospeech
1042.277006802,speech
1042.877823129,nospeech
1045.620680272,speech
1047.127074829,nospeech
1048.346122448,speech
1049.164625850,nospeech
1050.209523809,speech
1051.419863945,nospeech
1053.022040816,speech
1054.467482993,nospeech
1055.494965986,speech
1056.121904761,nospeech
1057.615238095,speech
1059.474285714,nospeech
1061.566984126,speech
1062.755555555,nospeech
1064.158911564,speech
1066.118095238,nospeech
1067.650612244,speech
1069.984217687,nospeech
1070.376054421,speech
1073.023129251,nospeech
1073.737142857,speech
1075.548299319,nospeech
1077.072108843,speech
1079.536326530,nospeech
1092.083809523,speech
1092.823945578,nospeech
1094.112653061,speech
1094.548027210,nospeech
1095.523265306,speech
1098.788571428,nospeech
1100.059863945,speech
1100.769523809,nospeech
1101.937777777,speech
1104.467301587,nospeech
1105.049251700,speech
1106.642721088,nospeech
1107.940136054,speech
1112.241632653,nospeech
1115.103492063,speech
1115.611428571,nospeech
1118.833197278,speech
1119.799727891,nospeech
1121.079727891,speech
1121.811156462,nospeech
1123.687619047,speech
1125.268027210,nospeech
1129.874285714,speech
1130.745034013,nospeech
1131.415510204,speech
1131.911836734,nospeech
1132.982857142,speech
1134.001632653,nospeech
1134.471836734,speech
1136.074013605,nospeech
1285.633741496,speech
1287.235918367,nospeech
1289.473741496,speech
1291.241360544,nospeech
1293.740408163,speech
1294.985578231,nospeech
1295.451428571,speech
1296.779319727,nospeech
1300.732517006,speech
1301.800000000,nospeech
1302.726530612,speech
1306.078911564,nospeech
1306.923537414,speech
1307.682539682,nospeech
1308.993015873,speech
1309.300680272,nospeech
1316.527891156,speech
1317.389931972,nospeech
1321.830748299,speech
1322.431564625,nospeech
1324.721632653,speech
1325.505306122,nospeech
1326.699682539,speech
1327.952108843,nospeech
1329.310476190,speech
1329.728435374,nospeech
1330.886530612,speech
1333.089523809,nospeech
1334.238911564,speech
1335.040000000,nospeech
1336.189387755,speech
1336.581224489,nospeech
1338.636190476,speech
1339.785578231,nospeech
1339.933605442,speech
1340.830476190,nospeech
1342.493605442,speech
1343.573333333,nospeech
1343.949206349,speech
1345.663129251,nospeech
1346.037551020,speech
1348.823945578,nospeech
1349.180952380,speech
1349.955918367,nospeech
1350.121360544,speech
1350.939863945,nospeech
1354.466394557,speech
1356.956734693,nospeech
1358.167074829,speech
1360.674829931,nospeech
1360.953469387,speech
1361.972244897,nospeech
1363.295782312,speech
1365.315918367,nospeech
1365.472653061,speech
1366.561088435,nospeech
1367.492789115,speech
1368.302585034,nospeech
1370.226938775,speech
1372.247074829,nospeech
1373.683809523,speech
1374.946394557,nospeech
1375.799727891,speech
1377.628299319,nospeech
1379.021496598,speech
1380.179591836,nospeech
1380.971972789,speech
1382.696054421,nospeech
1383.357823129,speech
1384.446258503,nospeech
1385.376507936,speech
1385.882993197,nospeech
1386.771156462,speech
1387.641904761,nospeech
1389.061224489,speech
1389.662040816,nospeech
1390.158367346,speech
1391.917278911,nospeech
1392.875102040,speech
1393.719727891,nospeech
1394.311836734,speech
1395.342222222,nospeech
1396.784761904,speech
1398.186666666,nospeech
1400.589931972,speech
1401.190748299,nospeech
1402.322721088,speech
1403.602721088,nospeech
1405.300680272,speech
1405.901496598,nospeech
1406.328163265,speech
1408.091428571,nospeech
1409.236462585,speech
1409.645714285,nospeech
1411.918367346,speech
1412.632380952,nospeech
1414.774421768,speech
1415.537777777,nospeech
1417.917823129,speech
1419.093333333,nospeech
1420.442993197,speech
1421.313741496,nospeech
1424.788027210,speech
1425.354013605,nospeech
1437.204897959,speech
1439.137959183,nospeech
1442.603537414,speech
1443.674557823,nospeech
1443.813877551,speech
1444.400000000,nospeech
1445.616326530,speech
1446.974693877,nospeech
1481.856870748,speech
1482.570884353,nospeech
1483.868299319,speech
1484.634557823,nospeech
1486.201904761,speech
1486.902857142,nospeech
1487.246802721,speech
1488.239455782,nospeech
1488.474557823,speech
1488.779319727,nospeech
1489.452698412,speech
1490.355374149,nospeech
1610.814693877,speech
1612.617142857,nospeech
1613.331156462,speech
1614.454421768,nospeech
1614.881088435,speech
1616.013061224,nospeech
1620.958911564,speech
1622.595918367,nospeech
1623.118367346,speech
1623.484081632,nospeech
1624.206802721,speech
1624.859863945,nospeech
1625.634829931,speech
1626.366258503,nospeech
1626.662312925,speech
1627.254421768,nospeech
1627.802993197,speech
1630.789659863,nospeech
1631.303401360,speech
1633.236462585,nospeech
1633.663129251,speech
1636.545306122,nospeech
1637.059047619,speech
1638.417414965,nospeech
1638.913741496,speech
1640.951292517,nospeech
1641.132698412,speech
1641.839455782,nospeech
1642.083265306,speech
1643.284897959,nospeech
1643.807346938,speech
1646.785306122,nospeech
1647.682176870,speech
1648.256870748,nospeech
1648.509387755,speech
1649.859047619,nospeech
1651.330612244,speech
1655.771428571,nospeech
1655.936870748,speech
1656.616054421,nospeech
1659.036734693,speech
1659.428571428,nospeech
1660.299319727,speech
1660.447346938,nospeech
1660.665034013,speech
1660.995918367,nospeech
1662.328163265,speech
1662.807074829,nospeech
1663.434013605,speech
1666.681904761,nospeech
1667.213061224,speech
1669.233197278,nospeech
1671.575510204,speech
1672.716190476,nospeech
1682.259591836,speech
1685.324625850,nospeech
1687.013877551,speech
1690.296598639,nospeech
1737.456326530,speech
1739.058503401,nospeech
1740.033741496,speech
1741.017687074,nospeech
1741.601088435,speech
1743.194557823,nospeech
1745.571700680,speech
1745.841632653,nospeech
1775.211972789,speech
1775.995646258,nospeech
1777.719727891,speech
1778.581768707,nospeech
1780.741224489,speech
1782.804897959,nospeech
1784.675555555,speech
1786.801632653,nospeech
1795.056326530,speech
1797.773061224,nospeech
1798.748299319,speech
