0.000000000,nospeech
19.226122448,speech
22.987755102,nospeech
25.797369614,speech
27.794285714,nospeech
31.672018140,speech
33.808253968,nospeech
63.595102040,speech
64.796734693,nospeech
66.220408163,speech
67.356734693,nospeech
120.724897959,speech
121.430204081,nospeech
121.926530612,speech
122.723265306,nospeech
125.857959183,speech
126.628571428,nospeech
135.915102040,speech
136.724897959,nospeech
152.933877551,speech
153.665306122,nospeech
158.733061224,speech
159.229387755,nospeech
191.725714285,speech
192.574693877,nospeech
194.455510204,speech
195.356734693,nospeech
198.556734693,speech
199.640816326,nospeech
312.045714285,speech
313.077551020,nospeech
321.201632653,speech
321.800000000,nospeech
323.369795918,speech
324.101224489,nospeech
325.146122448,speech
325.942857142,nospeech
327.105306122,speech
328.200000000,nospeech
332.368979591,speech
332.813061224,nospeech
333.283265306,speech
335.046530612,nospeech
335.699591836,speech
336.444081632,nospeech
337.697959183,speech
338.220408163,nospeech
339.082448979,speech
340.140408163,nospeech
340.558367346,speech
341.120000000,nospeech
343.444897959,speech
345.338775510,nospeech
345.665306122,speech
347.441632653,nospeech
347.755102040,speech
348.904489795,nospeech
350.654693877,speech
352.470204081,nospeech
353.515102040,speech
354.403265306,nospeech
354.612244897,speech
355.435102040,nospeech
355.813877551,speech
358.230204081,nospeech
358.491428571,speech
359.066122448,nospeech
359.523265306,speech
360.320000000,nospeech
362.200816326,speech
365.087346938,nospeech
366.262857142,speech
369.031836734,nospeech
370.220408163,speech
371.957551020,nospeech
373.511836734,speech
374.726530612,nospeech
375.771428571,speech
378.357551020,nospeech
379.676734693,speech
380.408163265,nospeech
384.261224489,speech
385.475918367,nospeech
386.220408163,speech
389.825306122,nospeech
390.034285714,speech
393.756734693,nospeech
394.122448979,speech
395.206530612,nospeech
397.975510204,speech
399.412244897,nospeech
400.744489795,speech
401.750204081,nospeech
404.728163265,speech
407.732244897,nospeech
409.430204081,speech
414.053877551,nospeech
415.373061224,speech
416.940408163,nospeech
417.697959183,speech
419.121632653,nospeech
419.474285714,speech
420.323265306,nospeech
420.519183673,speech
422.347755102,nospeech
424.163265306,speech
429.257142857,nospeech
430.981224489,speech
434.063673469,nospeech
435.030204081,speech
436.963265306,nospeech
438.099591836,speech
439.196734693,nospeech
439.836734693,speech
440.933877551,nospeech
442.135510204,speech
443.937959183,nospeech
444.604081632,speech
446.249795918,nospeech
446.889795918,speech
447.660408163,nospeech
448.117551020,speech
449.136326530,nospeech
473.155918367,speech
474.344489795,nospeech
475.598367346,speech
477.518367346,nospeech
480.731428571,speech
481.502040816,nospeech
483.617959183,speech
485.446530612,nospeech
487.497142857,speech
489.887346938,nospeech
493.936326530,speech
494.524081632,nospeech
495.856326530,speech
497.084081632,nospeech
502.739591836,speech
503.222857142,nospeech
504.868571428,speech
505.939591836,nospeech
510.145306122,speech
511.216326530,nospeech
511.568979591,speech
512.822857142,nospeech
526.249795918,speech
527.177142857,nospeech
529.123265306,speech
529.737142857,nospeech
534.595918367,speech
535.954285714,nospeech
537.900408163,speech
538.801632653,nospeech
539.141224489,speech
539.650612244,nospeech
540.003265306,speech
541.035102040,nospeech
