0.000000000,speech
1.005714285,nospeech
2.516462585,speech
4.109931972,nospeech
5.712108843,speech
6.617687074,nospeech
8.446258503,speech
9.064489795,nospeech
10.540408163,speech
11.398095238,nospeech
12.991564625,speech
13.975510204,nospeech
14.824489795,speech
17.519455782,nospeech
37.093877551,speech
38.835374149,nospeech
40.507210884,speech
41.151564625,nospeech
43.676734693,speech
45.505306122,nospeech
59.350204081,speech
66.786394557,nospeech
67.082448979,speech
75.363265306,nospeech
75.755102040,speech
83.931428571,nospeech
84.863129251,speech
85.968979591,nospeech
86.526258503,speech
90.348843537,nospeech
91.010612244,speech
92.334149659,nospeech
93.635918367,speech
95.068299319,nospeech
95.312108843,speech
96.809795918,nospeech
97.867755102,speech
99.892244897,nospeech
100.323265306,speech
104.254693877,nospeech
106.901768707,speech
107.685442176,nospeech
111.403537414,speech
112.552925170,nospeech
114.442448979,speech
115.966258503,nospeech
265.404081632,speech
266.022312925,nospeech
267.075918367,speech
267.937959183,nospeech
268.425578231,speech
269.453061224,nospeech
269.701224489,speech
270.798367346,nospeech
271.582040816,speech
272.666122448,nospeech
273.197278911,speech
273.902585034,nospeech
274.664489795,speech
274.947482993,nospeech
325.733877551,speech
331.245714285,nospeech
332.068571428,speech
332.891428571,nospeech
334.419591836,speech
356.153469387,nospeech
361.678367346,speech
362.109387755,nospeech
366.341224489,speech
371.017142857,nospeech
380.839183673,speech
389.498775510,nospeech
390.112653061,speech
390.935510204,nospeech
392.986122448,speech
397.596734693,nospeech
400.666122448,speech
400.835918367,nospeech
529.854693877,speech
544.561632653,nospeech
589.113469387,speech
589.962448979,nospeech
591.529795918,speech
591.895510204,nospeech
593.515102040,speech
593.763265306,nospeech
594.298775510,speech
597.263673469,nospeech
599.497142857,speech
601.038367346,nospeech
603.402448979,speech
605.479183673,nospeech
610.128979591,speech
610.533877551,nospeech
611.226122448,speech
611.722448979,nospeech
612.466938775,speech
614.700408163,nospeech
614.896326530,speech
615.157551020,nospeech
615.993469387,speech
617.260408163,nospeech
618.579591836,speech
622.171428571,nospeech
622.524081632,speech
623.738775510,nospeech
624.104489795,speech
627.356734693,nospeech
627.644081632,speech
631.222857142,nospeech
633.299591836,speech
634.527346938,nospeech
636.173061224,speech
638.706938775,nospeech
724.819591836,speech
725.590204081,nospeech
726.308571428,speech
727.144489795,nospeech
734.785306122,speech
735.046530612,nospeech
753.449795918,speech
754.533877551,nospeech
841.652244897,speech
842.409795918,nospeech
844.251428571,speech
846.197551020,nospeech
848.483265306,speech
849.136326530,nospeech
851.317551020,speech
851.944489795,nospeech
854.217142857,speech
854.569795918,nospeech
855.601632653,speech
857.025306122,nospeech
859.245714285,speech
862.014693877,nospeech
863.568979591,speech
864.235102040,nospeech
866.716734693,speech
867.186938775,nospeech
868.715102040,speech
871.131428571,nospeech
872.790204081,speech
873.443265306,nospeech
875.402448979,speech
875.898775510,nospeech
883.552653061,speech
884.610612244,nospeech
891.258775510,speech
892.813061224,nospeech
1079.967346938,speech
1080.881632653,nospeech
1081.443265306,speech
1083.572244897,nospeech
1084.669387755,speech
1085.035102040,nospeech
1086.132244897,speech
1086.981224489,nospeech
1088.130612244,speech
1088.470204081,nospeech
1089.449795918,speech
1090.155102040,nospeech
1092.140408163,speech
1093.054693877,nospeech
1094.504489795,speech
1095.732244897,nospeech
1469.387755102,speech
1472.705306122,nospeech
1473.815510204,speech
1475.056326530,nospeech
1531.859591836,speech
1532.303673469,nospeech
1533.048163265,speech
1534.158367346,nospeech
1534.589387755,speech
1536.483265306,nospeech
1538.808163265,speech
1539.369795918,nospeech
1541.250612244,speech
1544.607346938,nospeech
1546.240000000,speech
1548.682448979,nospeech
1554.207346938,speech
1555.944489795,nospeech
1557.263673469,speech
1559.588571428,nospeech
1561.430204081,speech
1563.141224489,nospeech
1568.757551020,speech
1569.985306122,nospeech
1571.422040816,speech
1572.963265306,nospeech
1580.904489795,speech
1584.626938775,nospeech
1611.611428571,speech
1613.074285714,nospeech
1618.337959183,speech
1619.435102040,nospeech
1621.760000000,speech
1622.400000000,nospeech
1625.103673469,speech
1627.415510204,nospeech
1629.165714285,speech
1630.589387755,nospeech
1630.850612244,speech
1631.830204081,nospeech
1644.525714285,speech
1646.119183673,nospeech
1647.947755102,speech
1650.951836734,nospeech
1654.817959183,speech
1655.536326530,nospeech
1658.031020408,speech
1659.441632653,nospeech
1661.949387755,speech
1663.568979591,nospeech
1665.097142857,speech
1666.050612244,nospeech
