0.000000000,speech
1.509297052,nospeech
1.892426303,speech
3.262403628,nospeech
3.691972789,speech
4.748480725,nospeech
5.526349206,speech
6.907936507,nospeech
10.727619047,speech
12.097596371,nospeech
13.409523809,speech
13.595283446,nospeech
15.340408163,speech
17.260408163,nospeech
18.311836734,speech
18.886530612,nospeech
19.337142857,speech
20.153469387,nospeech
45.786122448,speech
46.628571428,nospeech
47.875918367,speech
48.966530612,nospeech
179.951020408,speech
181.022040816,nospeech
186.586122448,speech
187.683265306,nospeech
196.499591836,speech
197.570612244,nospeech
204.218775510,speech
205.296326530,nospeech
211.036734693,speech
212.160000000,nospeech
212.741224489,speech
214.765714285,nospeech
214.974693877,speech
217.201632653,nospeech
217.521632653,speech
218.697142857,nospeech
219.245714285,speech
221.988571428,nospeech
223.157551020,speech
223.960816326,nospeech
224.143673469,speech
224.907755102,nospeech
227.147755102,speech
228.042448979,nospeech
229.231020408,speech
231.817142857,nospeech
234.566530612,speech
238.158367346,nospeech
238.726530612,speech
240.156734693,nospeech
240.463673469,speech
242.057142857,nospeech
242.533877551,speech
243.493877551,nospeech
244.597551020,speech
246.713469387,nospeech
247.151020408,speech
248.790204081,nospeech
249.097142857,speech
250.240000000,nospeech
250.912653061,speech
252.271020408,nospeech
253.000000000,speech
257.443265306,nospeech
258.004897959,speech
259.422040816,nospeech
259.781224489,speech
260.212244897,nospeech
273.678367346,speech
278.138775510,nospeech
279.575510204,speech
282.540408163,nospeech
282.880000000,speech
285.727346938,nospeech
286.393469387,speech
292.773877551,nospeech
293.067755102,speech
293.577142857,nospeech
293.916734693,speech
294.733061224,nospeech
389.093877551,speech
389.714285714,nospeech
390.171428571,speech
391.379591836,nospeech
461.818775510,speech
462.726530612,nospeech
482.840816326,speech
483.526530612,nospeech
550.622040816,speech
552.150204081,nospeech
553.103673469,speech
554.083265306,nospeech
554.795102040,speech
555.840000000,nospeech
556.839183673,speech
557.812244897,nospeech
560.084897959,speech
560.744489795,nospeech
561.201632653,speech
561.972244897,nospeech
562.089795918,speech
562.886530612,nospeech
566.484897959,speech
567.301224489,nospeech
568.444081632,speech
569.391020408,nospeech
571.761632653,speech
574.125714285,nospeech
576.711836734,speech
578.187755102,nospeech
581.446530612,speech
582.027755102,nospeech
582.151836734,speech
583.118367346,nospeech
584.320000000,speech
585.436734693,nospeech
588.545306122,speech
589.871020408,nospeech
590.791836734,speech
592.417959183,nospeech
662.648163265,speech
663.346938775,nospeech
663.960816326,speech
666.997551020,nospeech
712.960000000,speech
716.930612244,nospeech
717.884081632,speech
719.817142857,nospeech
720.587755102,speech
723.617959183,nospeech
724.858775510,speech
725.844897959,nospeech
726.400000000,speech
727.327346938,nospeech
728.333061224,speech
730.821224489,nospeech
732.251428571,speech
734.066938775,nospeech
735.353469387,speech
735.810612244,nospeech
736.626938775,speech
738.311836734,nospeech
739.617959183,speech
740.610612244,nospeech
741.635918367,speech
742.171428571,nospeech
742.432653061,speech
743.000816326,nospeech
743.255510204,speech
743.666938775,nospeech
751.131428571,speech
752.084897959,nospeech
753.502040816,speech
753.854693877,nospeech
754.533877551,speech
756.200000000,nospeech
790.138775510,speech
791.209795918,nospeech
791.320816326,speech
792.006530612,nospeech
792.280816326,speech
792.842448979,nospeech
793.541224489,speech
793.913469387,nospeech
820.512653061,speech
820.806530612,nospeech
821.746938775,speech
823.111836734,nospeech
828.244897959,speech
828.754285714,nospeech
830.831020408,speech
831.046530612,nospeech
831.647346938,speech
832.156734693,nospeech
832.881632653,speech
833.469387755,nospeech
834.155102040,speech
834.625306122,nospeech
835.180408163,speech
836.000000000,nospeech
836.473469387,speech
837.400000000,nospeech
838.785306122,speech
839.216326530,nospeech
840.019591836,speech
841.658775510,nospeech
842.821224489,speech
843.487346938,nospeech
844.303673469,speech
845.368163265,nospeech
845.995102040,speech
848.868571428,nospeech
849.946122448,speech
850.194285714,nospeech
851.395918367,speech
852.127346938,nospeech
852.395102040,speech
854.471836734,nospeech
856.535510204,speech
856.848979591,nospeech
858.573061224,speech
860.120816326,nospeech
861.387755102,speech
861.505306122,nospeech
862.308571428,speech
862.543673469,nospeech
863.373061224,speech
864.339591836,nospeech
864.796734693,speech
866.638367346,nospeech
867.755102040,speech
870.275918367,nospeech
870.589387755,speech
873.469387755,nospeech
873.920000000,speech
874.880000000,nospeech
875.004081632,speech
875.506938775,nospeech
875.996734693,speech
877.296326530,nospeech
877.766530612,speech
879.353469387,nospeech
879.484081632,speech
880.320000000,nospeech
880.894693877,speech
882.181224489,nospeech
883.787755102,speech
885.577142857,nospeech
885.746938775,speech
886.132244897,nospeech
886.321632653,speech
886.511020408,nospeech
886.726530612,speech
886.902857142,nospeech
887.026938775,speech
887.360000000,nospeech
887.680000000,speech
888.927346938,nospeech
889.534693877,speech
889.972244897,nospeech
890.997551020,speech
892.271020408,nospeech
893.315918367,speech
893.857959183,nospeech
894.073469387,speech
894.576326530,nospeech
894.798367346,speech
895.791020408,nospeech
896.457142857,speech
897.554285714,nospeech
898.475102040,speech
898.664489795,nospeech
899.056326530,speech
900.173061224,nospeech
900.473469387,speech
901.074285714,nospeech
902.955102040,speech
903.471020408,nospeech
904.097959183,speech
904.894693877,nospeech
905.691428571,speech
908.486530612,nospeech
909.080816326,speech
910.014693877,nospeech
910.360816326,speech
911.242448979,nospeech
911.360000000,speech
912.816326530,nospeech
913.384489795,speech
919.536326530,nospeech
920.287346938,speech
922.259591836,nospeech
923.389387755,speech
924.146938775,nospeech
924.780408163,speech
926.955102040,nospeech
930.403265306,speech
930.866938775,nospeech
931.343673469,speech
931.728979591,nospeech
932.747755102,speech
933.204897959,nospeech
933.838367346,speech
934.426122448,nospeech
935.346938775,speech
936.816326530,nospeech
937.756734693,speech
938.370612244,nospeech
939.565714285,speech
941.270204081,nospeech
941.609795918,speech
942.759183673,nospeech
943.183673469,speech
943.431836734,nospeech
943.725714285,speech
944.071836734,nospeech
944.515918367,speech
945.717551020,nospeech
948.852244897,speech
950.034285714,nospeech
950.641632653,speech
952.346122448,nospeech
952.933877551,speech
953.018775510,nospeech
953.266938775,speech
953.800000000,nospeech
954.213877551,speech
954.938775510,nospeech
956.884897959,speech
957.315918367,nospeech
957.910204081,speech
958.400000000,nospeech
959.600000000,speech
961.136326530,nospeech
961.469387755,speech
962.220408163,nospeech
965.773061224,speech
966.406530612,nospeech
966.752653061,speech
968.404897959,nospeech
974.569795918,speech
975.412244897,nospeech
977.064489795,speech
977.782857142,nospeech
978.638367346,speech
979.395918367,nospeech
980.120816326,speech
980.969795918,nospeech
981.805714285,speech
982.726530612,nospeech
983.079183673,speech
984.502857142,nospeech
985.658775510,speech
986.501224489,nospeech
987.095510204,speech
988.845714285,nospeech
989.054693877,speech
990.125714285,nospeech
990.576326530,speech
991.111836734,nospeech
992.104489795,speech
993.227755102,nospeech
994.174693877,speech
996.839183673,nospeech
997.015510204,speech
1000.626938775,nospeech
1001.051428571,speech
1001.854693877,nospeech
1002.742857142,speech
1005.531428571,nospeech
1005.897142857,speech
1007.079183673,nospeech
1007.666938775,speech
1008.130612244,nospeech
1008.535510204,speech
1009.802448979,nospeech
1009.959183673,speech
1011.160816326,nospeech
1011.258775510,speech
1011.728979591,nospeech
1011.924897959,speech
1012.832653061,nospeech
1013.015510204,speech
1013.877551020,nospeech
1014.047346938,speech
1016.600816326,nospeech
1016.933877551,speech
1017.312653061,nospeech
1017.802448979,speech
1020.538775510,nospeech
1020.695510204,speech
1023.497142857,nospeech
1023.745306122,speech
1025.306122448,nospeech
1025.567346938,speech
1026.671020408,nospeech
1028.029387755,speech
1028.205714285,nospeech
1030.582857142,speech
1031.549387755,nospeech
1032.718367346,speech
1032.999183673,nospeech
1033.508571428,speech
1033.880816326,nospeech
1034.050612244,speech
1034.814693877,nospeech
1035.160816326,speech
1036.551836734,nospeech
1037.257142857,speech
1037.544489795,nospeech
1037.753469387,speech
1038.200000000,nospeech
1038.876734693,speech
1040.594285714,nospeech
1041.743673469,speech
1042.631836734,nospeech
1043.441632653,speech
1044.480000000,nospeech
1046.217142857,speech
1048.117551020,nospeech
1048.960000000,speech
1049.528163265,nospeech
1050.579591836,speech
1051.128163265,nospeech
1052.400000000,speech
1052.924081632,nospeech
1053.583673469,speech
1054.354285714,nospeech
1055.562448979,speech
1056.489795918,nospeech
1057.515102040,speech
1058.226938775,nospeech
1060.251428571,speech
1061.466122448,nospeech
1074.122448979,speech
1076.297142857,nospeech
1078.393469387,speech
1080.130612244,nospeech
1083.095510204,speech
1085.263673469,nospeech
1087.529795918,speech
1089.730612244,nospeech
1093.394285714,speech
1097.841632653,nospeech
1101.342040816,speech
1102.027755102,nospeech
1187.206530612,speech
1187.500408163,nospeech
1189.348571428,speech
1189.688163265,nospeech
1193.822040816,speech
1193.965714285,nospeech
1195.428571428,speech
1196.708571428,nospeech
1248.450612244,speech
1249.064489795,nospeech
1250.455510204,speech
1252.244897959,nospeech
1255.418775510,speech
1256.267755102,nospeech
1256.705306122,speech
1257.110204081,nospeech
1265.469387755,speech
1267.324081632,nospeech
1268.806530612,speech
1269.146122448,nospeech
1270.850612244,speech
1273.371428571,nospeech
1274.847346938,speech
1275.683265306,nospeech
1277.289795918,speech
1279.288163265,nospeech
1280.960000000,speech
1281.985306122,nospeech
1283.265306122,speech
1283.990204081,nospeech
1285.622857142,speech
1288.417959183,nospeech
1289.717551020,speech
1291.441632653,nospeech
1292.852244897,speech
1293.779591836,nospeech
1296.130612244,speech
1296.483265306,nospeech
1298.364081632,speech
1299.435102040,nospeech
1300.192653061,speech
1301.191836734,nospeech
1309.394285714,speech
1310.426122448,nospeech
1311.484081632,speech
1312.222040816,nospeech
1312.790204081,speech
1313.214693877,nospeech
1315.069387755,speech
1316.316734693,nospeech
1317.472653061,speech
1318.406530612,nospeech
1321.162448979,speech
1321.874285714,nospeech
1322.429387755,speech
1323.487346938,nospeech
1324.545306122,speech
1325.851428571,nospeech
1326.386938775,speech
1328.293877551,nospeech
1331.526530612,speech
1333.126530612,nospeech
1334.863673469,speech
1337.495510204,nospeech
1338.057142857,speech
1338.893061224,nospeech
1393.573877551,speech
1394.710204081,nospeech
1396.225306122,speech
1398.595918367,nospeech
1401.136326530,speech
1401.861224489,nospeech
1403.670204081,speech
1404.342857142,nospeech
1491.180408163,speech
1492.571428571,nospeech
1494.746122448,speech
1498.292244897,nospeech
1500.767346938,speech
1501.361632653,nospeech
1502.354285714,speech
1503.248979591,nospeech
1506.840816326,speech
1509.146122448,nospeech
1512.130612244,speech
1513.260408163,nospeech
1515.010612244,speech
1516.140408163,nospeech
1520.391836734,speech
1521.822040816,nospeech
1523.670204081,speech
1524.630204081,nospeech
1526.256326530,speech
1528.476734693,nospeech
1532.081632653,speech
1533.126530612,nospeech
1534.295510204,speech
1536.241632653,nospeech
1538.742857142,speech
1539.644081632,nospeech
1540.728163265,speech
1541.400816326,nospeech
1541.786122448,speech
1544.261224489,nospeech
1557.054693877,speech
1558.243265306,nospeech
1559.209795918,speech
1559.777959183,nospeech
1561.933061224,speech
1562.266122448,nospeech
1583.875918367,speech
1587.030204081,nospeech
1587.500408163,speech
1597.890612244,nospeech
1599.477551020,speech
1601.116734693,nospeech
1601.800000000,speech
1604.460408163,nospeech
1605.786122448,speech
1606.824489795,nospeech
1607.118367346,speech
1608.385306122,nospeech
1611.454693877,speech
1613.139591836,nospeech
1613.276734693,speech
1615.588571428,nospeech
1615.902040816,speech
1616.894693877,nospeech
1617.168979591,speech
1619.062857142,nospeech
1619.787755102,speech
1622.511020408,nospeech
1623.856326530,speech
1625.175510204,nospeech
1625.737142857,speech
1626.625306122,nospeech
1629.368163265,speech
1633.214693877,nospeech
1633.593469387,speech
1635.709387755,nospeech
1636.793469387,speech
1637.818775510,nospeech
1638.328163265,speech
1639.771428571,nospeech
1639.941224489,speech
1641.959183673,nospeech
1642.481632653,speech
1643.200000000,nospeech
1643.324081632,speech
1643.911836734,nospeech
1647.804081632,speech
1649.600000000,nospeech
1659.343673469,speech
1660.571428571,nospeech
1662.210612244,speech
1662.876734693,nospeech
1663.040000000,speech
1664.313469387,nospeech
1664.875102040,speech
1665.208163265,nospeech
1666.357551020,speech
1666.618775510,nospeech
1666.919183673,speech
1667.526530612,nospeech
1671.817142857,speech
1672.862040816,nospeech
1674.285714285,speech
1676.062040816,nospeech
1679.072653061,speech
1679.869387755,nospeech
1680.365714285,speech
1681.724081632,nospeech
1683.748571428,speech
1684.564897959,nospeech
1686.857142857,speech
1689.208163265,nospeech
1689.926530612,speech
1690.755918367,nospeech
1691.239183673,speech
1693.518367346,nospeech
1693.753469387,speech
1695.013877551,nospeech
1697.358367346,speech
1699.252244897,nospeech
1699.493877551,speech
1706.899591836,nospeech
1708.127346938,speech
1708.754285714,nospeech
1709.681632653,speech
1714.566530612,nospeech
1715.075918367,speech
1716.995918367,nospeech
1717.224489795,speech
1718.478367346,nospeech
1720.032653061,speech
1723.892244897,nospeech
1724.871836734,speech
1727.418775510,nospeech
1731.735510204,speech
1732.480000000,nospeech
1733.152653061,speech
1734.125714285,nospeech
1734.798367346,speech
1735.895510204,nospeech
1736.261224489,speech
1737.227755102,nospeech
1737.593469387,speech
1737.900408163,nospeech
1738.292244897,speech
1739.435102040,nospeech
1740.884897959,speech
1742.223673469,nospeech
1743.862857142,speech
1744.800000000,nospeech
1744.960000000,speech
1745.737142857,nospeech
1746.514285714,speech
1747.866122448,nospeech
1748.251428571,speech
1748.969795918,nospeech
1749.309387755,speech
1751.026938775,nospeech
1752.594285714,speech
1753.195102040,nospeech
1754.755918367,speech
1755.585306122,nospeech
1756.630204081,speech
1757.551020408,nospeech
1763.324081632,speech
1764.003265306,nospeech
1765.289795918,speech
1767.314285714,nospeech
1768.999183673,speech
1769.717551020,nospeech
1770.468571428,speech
1771.376326530,nospeech
1771.748571428,speech
1774.850612244,nospeech
1775.928163265,speech
1777.155918367,nospeech
1778.416326530,speech
1780.682448979,nospeech
1781.551020408,speech
1784.300408163,nospeech
1785.613061224,speech
1786.703673469,nospeech
1787.017142857,speech
1787.696326530,nospeech
1790.765714285,speech
1791.888979591,nospeech
1793.443265306,speech
1795.683265306,nospeech
1797.629387755,speech
1798.282448979,nospeech
1798.844081632,speech
