0.000000000,nospeech
0.949115646,speech
2.240725623,nospeech
4.937142857,speech
5.363809523,nospeech
8.141496598,speech
8.942585034,nospeech
13.688163265,speech
14.123537414,nospeech
43.136870748,speech
44.489433106,nospeech
46.437006802,speech
51.211609977,nospeech
52.082358276,speech
53.185306122,nospeech
54.108299319,speech
55.768526077,nospeech
55.989115646,speech
58.287891156,nospeech
59.535963718,speech
63.047981859,nospeech
63.767800453,speech
65.886621315,nospeech
66.856054421,speech
70.844081632,nospeech
71.488435374,speech
74.599909297,nospeech
76.335600907,speech
78.936235827,nospeech
79.389024943,speech
81.176961451,nospeech
81.978049886,speech
83.557006802,nospeech
83.922721088,speech
87.196734693,nospeech
87.754013605,speech
88.915011337,nospeech
90.366258503,speech
90.697142857,nospeech
91.283446712,speech
93.686712018,nospeech
94.487800453,speech
98.220408163,nospeech
98.951836734,speech
101.093877551,nospeech
102.225850340,speech
108.042448979,nospeech
108.350113378,speech
108.930612244,nospeech
109.754920634,speech
110.335419501,nospeech
112.274285714,speech
116.291337868,nospeech
117.133061224,speech
120.261950113,nospeech
121.092063492,speech
125.672199546,nospeech
126.403628117,speech
127.500770975,nospeech
128.760453514,speech
129.451247165,nospeech
130.931519274,speech
132.649795918,nospeech
133.462494331,speech
134.431927437,nospeech
134.577052154,speech
134.855691609,nospeech
135.047256235,speech
135.830929705,nospeech
185.713197278,speech
186.502675736,nospeech
186.746485260,speech
187.541768707,nospeech
188.824671201,speech
190.008888888,nospeech
193.410612244,speech
194.525170068,nospeech
195.088253968,speech
197.218684807,nospeech
200.771337868,speech
201.787210884,nospeech
202.454784580,speech
205.305034013,nospeech
207.986938775,speech
210.622403628,nospeech
212.300045351,speech
213.582947845,nospeech
215.399909297,speech
217.553560090,nospeech
219.759455782,speech
220.519909297,nospeech
220.932063492,speech
221.605442176,nospeech
221.901496598,speech
222.760634920,nospeech
236.315283446,speech
236.779682539,nospeech
239.769251700,speech
241.249523809,nospeech
250.015056689,speech
251.518548752,nospeech
252.656326530,speech
253.155555555,nospeech
255.030566893,speech
256.365714285,nospeech
264.057324263,speech
264.585578231,nospeech
