0.000000000,speech
0.213333333,nospeech
2.224761904,speech
4.632380952,nospeech
7.659682539,speech
9.671111111,nospeech
10.026666666,speech
17.198730158,nospeech
18.549841269,speech
22.227301587,nospeech
22.542222222,speech
28.180317460,nospeech
28.444444444,speech
32.538412698,nospeech
33.005714285,speech
36.337777777,nospeech
38.471111111,speech
40.391111111,nospeech
40.736507936,speech
41.904761904,nospeech
42.514285714,speech
45.937777777,nospeech
46.252698412,speech
47.146666666,nospeech
47.400634920,speech
49.625396825,nospeech
65.178412698,speech
66.397460317,nospeech
66.519365079,speech
70.430476190,nospeech
72.198095238,speech
73.173333333,nospeech
79.309206349,speech
80.853333333,nospeech
83.931428571,speech
84.246349206,nospeech
86.257777777,speech
87.405714285,nospeech
151.761269841,speech
152.960000000,nospeech
154.819047619,speech
157.165714285,nospeech
157.379047619,speech
158.547301587,nospeech
159.329523809,speech
160.071111111,nospeech
161.168253968,speech
162.519365079,nospeech
171.611428571,speech
172.678095238,nospeech
173.419682539,speech
175.746031746,nospeech
176.111746031,speech
177.848888888,nospeech
178.306031746,speech
180.002539682,nospeech
181.658412698,speech
182.166349206,nospeech
183.090793650,speech
184.960000000,nospeech
198.430476190,speech
199.426031746,nospeech
199.751111111,speech
202.910476190,nospeech
203.418412698,speech
203.956825396,nospeech
213.191111111,speech
213.546666666,nospeech
214.552380952,speech
214.979047619,nospeech
263.619047619,speech
264.238730158,nospeech
264.452063492,speech
264.777142857,nospeech
265.315555555,speech
268.535873015,nospeech
268.972698412,speech
271.004444444,nospeech
273.666031746,speech
274.173968253,nospeech
274.316190476,speech
274.986666666,nospeech
296.563809523,speech
298.605714285,nospeech
323.321904761,speech
324.063492063,nospeech
355.575873015,speech
356.520634920,nospeech
357.008253968,speech
358.186666666,nospeech
369.432380952,speech
370.397460317,nospeech
376.370793650,speech
377.467936507,nospeech
379.184761904,speech
381.084444444,nospeech
395.702857142,speech
396.810158730,nospeech
397.480634920,speech
398.100317460,nospeech
409.904761904,speech
411.966984126,nospeech
412.373333333,speech
413.734603174,nospeech
437.475555555,speech
439.558095238,nospeech
441.528888888,speech
443.469206349,nospeech
454.653968253,speech
455.873015873,nospeech
460.200634920,speech
460.637460317,nospeech
461.053968253,speech
461.511111111,nospeech
466.681904761,speech
467.098412698,nospeech
467.606349206,speech
468.673015873,nospeech
469.353650793,speech
470.379682539,nospeech
472.817777777,speech
473.325714285,nospeech
473.843809523,speech
474.849523809,nospeech
475.723174603,speech
477.633015873,nospeech
478.049523809,speech
480.050793650,nospeech
499.027301587,speech
499.728253968,nospeech
500.896507936,speech
501.790476190,nospeech
502.044444444,speech
502.481269841,nospeech
502.796190476,speech
503.131428571,nospeech
503.476825396,speech
504.360634920,nospeech
505.274920634,speech
505.579682539,nospeech
511.004444444,speech
513.381587301,nospeech
515.453968253,speech
516.937142857,nospeech
517.485714285,speech
519.233015873,nospeech
519.619047619,speech
520.533333333,nospeech
523.540317460,speech
524.180317460,nospeech
524.424126984,speech
525.521269841,nospeech
532.622222222,speech
533.018412698,nospeech
534.623492063,speech
535.994920634,nospeech
538.758095238,speech
539.530158730,nospeech
548.073650793,speech
549.221587301,nospeech
551.537777777,speech
551.944126984,nospeech
554.707301587,speech
555.489523809,nospeech
564.906666666,speech
569.010793650,nospeech
572.038095238,speech
573.094603174,nospeech
573.541587301,speech
574.008888888,nospeech
576.253968253,speech
576.843174603,nospeech
577.280000000,speech
578.397460317,nospeech
578.783492063,speech
579.768888888,nospeech
581.729523809,speech
582.501587301,nospeech
582.806349206,speech
584.157460317,nospeech
591.095873015,speech
591.756190476,nospeech
592.111746031,speech
593.320634920,nospeech
599.913650793,speech
600.391111111,nospeech
600.787301587,speech
602.006349206,nospeech
602.209523809,speech
602.565079365,nospeech
603.174603174,speech
605.145396825,nospeech
638.760634920,speech
640.446984126,nospeech
641.899682539,speech
642.742857142,nospeech
645.820952380,speech
646.237460317,nospeech
652.200634920,speech
653.043809523,nospeech
654.090158730,speech
655.542857142,nospeech
656.650158730,speech
659.616507936,nospeech
659.921269841,speech
660.977777777,nospeech
662.704761904,speech
664.187936507,nospeech
677.516190476,speech
678.288253968,nospeech
697.173333333,speech
697.569523809,nospeech
700.200634920,speech
701.978412698,nospeech
702.455873015,speech
703.085714285,nospeech
703.654603174,speech
705.859047619,nospeech
707.514920634,speech
707.829841269,nospeech
708.236190476,speech
708.805079365,nospeech
709.333333333,speech
711.283809523,nospeech
715.093333333,speech
715.550476190,nospeech
718.222222222,speech
718.852063492,nospeech
719.248253968,speech
719.664761904,nospeech
719.969523809,speech
722.702222222,nospeech
735.725714285,speech
737.706666666,nospeech
743.375238095,speech
744.827936507,nospeech
745.173333333,speech
746.554920634,nospeech
746.758095238,speech
747.001904761,nospeech
747.662222222,speech
748.617142857,nospeech
757.526349206,speech
759.314285714,nospeech
759.578412698,speech
761.142857142,nospeech
763.276190476,speech
763.713015873,nospeech
764.739047619,speech
765.003174603,nospeech
770.773333333,speech
771.453968253,nospeech
781.104761904,speech
781.500952380,nospeech
782.008888888,speech
782.364444444,nospeech
783.095873015,speech
783.420952380,nospeech
789.109841269,speech
790.176507936,nospeech
799.746031746,speech
801.645714285,nospeech
802.275555555,speech
809.406984126,nospeech
818.336507936,speech
818.976507936,nospeech
820.784761904,speech
822.359365079,nospeech
825.965714285,speech
826.768253968,nospeech
827.133968253,speech
828.332698412,nospeech
832.060952380,speech
832.335238095,nospeech
855.497142857,speech
856.949841269,nospeech
861.511111111,speech
862.019047619,nospeech
862.516825396,speech
863.806984126,nospeech
867.301587301,speech
867.525079365,nospeech
867.921269841,speech
869.313015873,nospeech
871.060317460,speech
873.518730158,nospeech
873.904761904,speech
874.686984126,nospeech
875.428571428,speech
876.485079365,nospeech
878.587936507,speech
879.583492063,nospeech
880.132063492,speech
884.459682539,nospeech
888.858412698,speech
889.793015873,nospeech
890.392380952,speech
892.749206349,nospeech
898.560000000,speech
900.297142857,nospeech
907.520000000,speech
908.322539682,nospeech
908.921904761,speech
909.988571428,nospeech
915.362539682,speech
916.449523809,nospeech
916.977777777,speech
918.176507936,nospeech
921.620317460,speech
922.636190476,nospeech
926.364444444,speech
928.751746031,nospeech
929.300317460,speech
930.062222222,nospeech
930.631111111,speech
932.358095238,nospeech
946.803809523,speech
948.368253968,nospeech
949.302857142,speech
950.450793650,nospeech
956.942222222,speech
957.978412698,nospeech
958.222222222,speech
958.994285714,nospeech
961.899682539,speech
962.295873015,nospeech
962.753015873,speech
963.017142857,nospeech
964.104126984,speech
964.358095238,nospeech
965.008253968,speech
965.627936507,nospeech
966.247619047,speech
966.603174603,nospeech
967.192380952,speech
967.761269841,nospeech
969.447619047,speech
970.138412698,nospeech
972.739047619,speech
973.348571428,nospeech
974.344126984,speech
974.547301587,nospeech
974.811428571,speech
975.065396825,nospeech
975.695238095,speech
978.275555555,nospeech
989.541587301,speech
989.876825396,nospeech
990.689523809,speech
991.136507936,nospeech
1025.960634920,speech
1026.224761904,nospeech
1039.634285714,speech
1042.214603174,nospeech
1042.438095238,speech
1043.514920634,nospeech
1047.293968253,speech
1047.791746031,nospeech
1049.671111111,speech
1050.290793650,nospeech
1050.595555555,speech
1051.438730158,nospeech
1053.490793650,speech
1054.110476190,nospeech
1054.486349206,speech
1055.197460317,nospeech
1055.420952380,speech
1056.386031746,nospeech
1056.568888888,speech
1057.026031746,nospeech
1071.177142857,speech
1072.731428571,nospeech
1073.086984126,speech
1073.503492063,nospeech
1074.407619047,speech
1074.885079365,nospeech
1075.596190476,speech
1077.353650793,nospeech
1080.980317460,speech
1081.244444444,nospeech
1096.208253968,speech
1096.441904761,nospeech
1097.346031746,speech
1097.691428571,nospeech
1098.747936507,speech
1099.133968253,nospeech
1099.753650793,speech
1100.231111111,nospeech
1108.500317460,speech
1108.998095238,nospeech
1109.546666666,speech
1109.963174603,nospeech
1110.471111111,speech
1110.775873015,nospeech
1149.470476190,speech
1149.815873015,nospeech
1150.405079365,speech
1151.197460317,nospeech
1151.817142857,speech
1152.731428571,nospeech
1153.259682539,speech
1154.549841269,nospeech
1154.834285714,speech
1155.413333333,nospeech
1155.606349206,speech
1156.175238095,nospeech
1160.858412698,speech
1161.782857142,nospeech
1162.057142857,speech
1162.666666666,nospeech
1162.890158730,speech
1163.966984126,nospeech
1164.302222222,speech
1165.297777777,nospeech
1183.441269841,speech
1183.939047619,nospeech
1184.193015873,speech
1184.812698412,nospeech
1189.140317460,speech
1189.546666666,nospeech
1190.958730158,speech
1192.600000000,nospeech
1193.031111111,speech
1193.508571428,nospeech
1194.636190476,speech
1195.641904761,nospeech
1195.885714285,speech
1196.251428571,nospeech
1197.511111111,speech
1197.876825396,nospeech
1198.151111111,speech
1198.486349206,nospeech
1201.848888888,speech
1203.098412698,nospeech
1212.871111111,speech
1213.673650793,nospeech
1215.339682539,speech
1216.152380952,nospeech
1258.504126984,speech
1268.551111111,nospeech
1269.627936507,speech
1269.963174603,nospeech
1272.167619047,speech
1272.523174603,nospeech
1272.878730158,speech
1273.935238095,nospeech
1274.819047619,speech
1275.895873015,nospeech
1277.592380952,speech
1277.917460317,nospeech
1279.034920634,speech
1279.959365079,nospeech
1281.991111111,speech
1283.809523809,nospeech
1284.916825396,speech
1286.684444444,nospeech
1286.918095238,speech
1287.233015873,nospeech
1291.073015873,speech
1291.286349206,nospeech
1291.946666666,speech
1293.775238095,nospeech
1294.608253968,speech
1295.360000000,nospeech
1295.888253968,speech
1296.822857142,nospeech
1297.290158730,speech
1299.880634920,nospeech
1302.806349206,speech
1306.372063492,nospeech
1309.064126984,speech
1309.805714285,nospeech
1310.445714285,speech
1311.390476190,nospeech
1312.193015873,speech
1313.828571428,nospeech
1323.286349206,speech
1323.652063492,nospeech
1329.259682539,speech
1331.149206349,nospeech
1333.363809523,speech
1335.334603174,nospeech
1336.736507936,speech
1339.286349206,nospeech
1343.177142857,speech
1351.100952380,nospeech
1353.843809523,speech
1355.408253968,nospeech
1355.672380952,speech
1356.099047619,nospeech
1356.444444444,speech
1358.039365079,nospeech
1363.088253968,speech
1363.332063492,nospeech
1366.013968253,speech
1370.473650793,nospeech
1370.676825396,speech
1371.591111111,nospeech
1371.855238095,speech
1373.053968253,nospeech
1373.348571428,speech
1374.323809523,nospeech
1376.436825396,speech
1376.680634920,nospeech
1378.123174603,speech
1378.783492063,nospeech
1379.301587301,speech
1379.555555555,nospeech
1380.388571428,speech
1380.612063492,nospeech
1383.690158730,speech
1383.964444444,nospeech
1386.402539682,speech
1387.733333333,nospeech
1388.160000000,speech
1389.409523809,nospeech
1391.898412698,speech
1394.113015873,nospeech
1394.275555555,speech
1396.388571428,nospeech
1424.568888888,speech
1425.381587301,nospeech
1425.859047619,speech
1426.620952380,nospeech
1431.659682539,speech
1432.126984126,nospeech
1434.331428571,speech
1437.043809523,nospeech
1437.561904761,speech
1438.608253968,nospeech
1440.934603174,speech
1441.168253968,nospeech
1450.138412698,speech
1450.412698412,nospeech
1451.225396825,speech
1452.647619047,nospeech
1457.462857142,speech
1457.696507936,nospeech
1460.185396825,speech
1460.581587301,nospeech
1461.963174603,speech
1462.938412698,nospeech
1463.080634920,speech
1465.325714285,nospeech
1465.650793650,speech
1467.255873015,nospeech
1469.693968253,speech
1470.039365079,nospeech
1470.313650793,speech
1470.537142857,nospeech
1470.709841269,speech
1470.882539682,nospeech
1473.838730158,speech
1474.783492063,nospeech
1476.388571428,speech
1478.186666666,nospeech
1480.513015873,speech
1482.168888888,nospeech
1482.605714285,speech
1483.245714285,nospeech
1510.308571428,speech
1511.629206349,nospeech
1513.244444444,speech
1514.199365079,nospeech
1537.889523809,speech
1538.163809523,nospeech
1544.157460317,speech
1544.817777777,nospeech
1563.926349206,speech
1564.485079365,nospeech
1564.728888888,speech
1566.090158730,nospeech
1568.751746031,speech
1570.915555555,nospeech
1572.012698412,speech
1573.343492063,nospeech
1575.365079365,speech
1576.177777777,nospeech
1576.421587301,speech
1576.980317460,nospeech
1582.679365079,speech
1583.024761904,nospeech
1586.600634920,speech
1587.535238095,nospeech
1588.002539682,speech
1589.191111111,nospeech
1674.747936507,speech
1678.262857142,nospeech
1679.309206349,speech
1680.426666666,nospeech
1683.453968253,speech
1686.582857142,nospeech
1686.877460317,speech
1687.954285714,nospeech
1688.513015873,speech
1688.746666666,nospeech
1690.534603174,speech
1691.550476190,nospeech
1691.865396825,speech
1692.251428571,nospeech
1692.424126984,speech
1693.358730158,nospeech
1693.947936507,speech
1694.770793650,nospeech
1695.024761904,speech
1695.695238095,nospeech
1698.915555555,speech
1699.301587301,nospeech
1710.750476190,speech
1711.085714285,nospeech
1714.803809523,speech
1715.362539682,nospeech
1721.092063492,speech
1722.087619047,nospeech
1723.956825396,speech
1725.561904761,nospeech
1726.069841269,speech
1728.001527080,nospeech
1729.808253968,speech
1730.661587301,nospeech
1748.866031746,speech
1749.963174603,nospeech
1750.359365079,speech
1752.086349206,nospeech
1752.462222222,speech
1752.817777777,nospeech
1754.727619047,speech
1757.907301587,nospeech
1758.354285714,speech
1760.457142857,nospeech
1760.711111111,speech
1761.290158730,nospeech
1761.757460317,speech
1762.844444444,nospeech
1763.352380952,speech
1764.408888888,nospeech
1767.964444444,speech
1768.553650793,nospeech
1774.303492063,speech
1774.913015873,nospeech
1778.671746031,speech
1779.240634920,nospeech
1780.083809523,speech
1780.876190476,nospeech
1787.611428571,speech
1789.450158730,nospeech
1791.319365079,speech
1792.518095238,nospeech
1795.220317460,speech
1796.601904761,nospeech
1799.141587301,speech
1799.507301587,nospeech
