0.000000000,nospeech
213.542312925,speech
213.881904761,nospeech
316.351564625,speech
317.065578231,nospeech
317.884081632,speech
319.198911564,nospeech
319.756190476,speech
322.115918367,nospeech
322.856054421,speech
325.024217687,nospeech
325.685986394,speech
327.201088435,nospeech
327.906394557,speech
328.454965986,nospeech
329.029659863,speech
331.432925170,nospeech
331.937959183,speech
332.904489795,nospeech
333.714285714,speech
334.898503401,nospeech
336.178503401,speech
337.232108843,nospeech
368.892517006,speech
370.503401360,nospeech
371.365442176,speech
372.053333333,nospeech
386.690612244,speech
387.639727891,nospeech
394.483809523,speech
396.051156462,nospeech
437.307210884,speech
437.751292517,nospeech
438.395646258,speech
442.061496598,nospeech
442.383673469,speech
443.480816326,nospeech
447.843265306,speech
448.548571428,nospeech
450.438095238,speech
451.726802721,nospeech
457.012244897,speech
458.597006802,nospeech
459.868299319,speech
461.574965986,nospeech
463.063945578,speech
463.394829931,nospeech
464.326530612,speech
465.005714285,nospeech
467.165170068,speech
468.079455782,nospeech
470.891972789,speech
471.466666666,nospeech
473.312653061,speech
473.896054421,nospeech
474.740680272,speech
475.968435374,nospeech
476.220952380,speech
476.543129251,nospeech
477.736054421,speech
479.042176870,nospeech
479.268571428,speech
480.208979591,nospeech
500.802176870,speech
503.205442176,nospeech
503.962993197,speech
504.407074829,nospeech
504.833741496,speech
507.707210884,nospeech
513.802448979,speech
513.924353741,nospeech
514.507755102,speech
514.838639455,nospeech
526.532789115,speech
528.378775510,nospeech
530.102857142,speech
530.442448979,nospeech
600.093605442,speech
601.652244897,nospeech
601.904761904,speech
602.148571428,nospeech
603.916190476,speech
604.813061224,nospeech
605.483537414,speech
606.336870748,nospeech
608.505034013,speech
609.375782312,nospeech
609.994013605,speech
610.908299319,nospeech
613.067755102,speech
614.356462585,nospeech
615.157551020,speech
616.097959183,nospeech
616.829387755,speech
617.822040816,nospeech
618.361904761,speech
619.119455782,nospeech
620.234013605,speech
620.477823129,nospeech
621.383401360,speech
622.637278911,nospeech
623.360000000,speech
624.587755102,nospeech
627.539591836,speech
629.847074829,nospeech
631.379591836,speech
636.830476190,nospeech
637.666394557,speech
638.171428571,nospeech
638.545850340,speech
639.965170068,nospeech
640.296054421,speech
641.288707482,nospeech
642.464217687,speech
646.887619047,nospeech
647.122721088,speech
647.688707482,nospeech
648.446258503,speech
649.125442176,nospeech
649.813333333,speech
650.866938775,nospeech
651.998911564,speech
652.721632653,nospeech
653.357278911,speech
654.062585034,nospeech
662.613333333,speech
663.814965986,nospeech
664.189387755,speech
666.923537414,nospeech
667.411156462,speech
668.543129251,nospeech
668.874013605,speech
678.791836734,nospeech
679.026938775,speech
680.498503401,nospeech
682.527346938,speech
683.136870748,nospeech
683.720272108,speech
686.140952380,nospeech
686.532789115,speech
688.309115646,nospeech
689.205986394,speech
690.033197278,nospeech
690.599183673,speech
691.826938775,nospeech
692.419047619,speech
692.985034013,nospeech
700.908843537,speech
703.451428571,nospeech
708.188299319,speech
708.823945578,nospeech
709.860136054,speech
711.401360544,nospeech
712.097959183,speech
712.855510204,nospeech
713.003537414,speech
716.512653061,nospeech
716.686802721,speech
717.975510204,nospeech
718.776598639,speech
719.394829931,nospeech
719.629931972,speech
720.779319727,nospeech
720.936054421,speech
721.658775510,nospeech
721.946122448,speech
722.842993197,nospeech
722.973605442,speech
724.941496598,nospeech
725.220136054,speech
726.456598639,nospeech
726.752653061,speech
727.370884353,nospeech
727.919455782,speech
729.930884353,nospeech
730.287891156,speech
733.622857142,nospeech
750.123537414,speech
750.550204081,nospeech
777.238639455,speech
777.647891156,nospeech
778.187755102,speech
778.536054421,nospeech
786.250884353,speech
786.485986394,nospeech
799.878095238,speech
800.409251700,nospeech
801.375782312,speech
802.838639455,nospeech
803.169523809,speech
804.884897959,nospeech
805.485714285,speech
806.199727891,nospeech
806.356462585,speech
807.444897959,nospeech
808.341768707,speech
810.440272108,nospeech
810.771156462,speech
811.833469387,nospeech
813.635918367,speech
814.715646258,nospeech
814.881088435,speech
815.116190476,nospeech
816.152380952,speech
817.867755102,nospeech
818.233469387,speech
820.349387755,nospeech
820.506122448,speech
822.204081632,nospeech
823.980408163,speech
824.572517006,nospeech
826.226938775,speech
826.853877551,nospeech
827.332789115,speech
828.038095238,nospeech
828.255782312,speech
830.197551020,nospeech
830.493605442,speech
831.660408163,nospeech
832.208979591,speech
833.819863945,nospeech
834.011428571,speech
835.770340136,nospeech
835.927074829,speech
837.363809523,nospeech
837.842721088,speech
840.420136054,nospeech
842.901768707,speech
843.554829931,nospeech
844.643265306,speech
845.244081632,nospeech
851.600544217,speech
852.462585034,nospeech
853.298503401,speech
853.437823129,nospeech
857.408435374,speech
858.244353741,nospeech
858.435918367,speech
859.176054421,nospeech
859.541768707,speech
860.577959183,nospeech
860.917551020,speech
861.622857142,nospeech
862.084353741,speech
862.720000000,nospeech
863.111836734,speech
864.879455782,nospeech
865.288707482,speech
866.472925170,nospeech
867.221768707,speech
868.179591836,nospeech
869.067755102,speech
870.312925170,nospeech
870.783129251,speech
872.437551020,nospeech
873.116734693,speech
874.762448979,nospeech
879.177142857,speech
880.465850340,nospeech
881.188571428,speech
883.879183673,nospeech
884.079455782,speech
884.297142857,nospeech
884.802176870,speech
885.019863945,nospeech
885.307210884,speech
893.945034013,nospeech
894.624217687,speech
896.365714285,nospeech
900.075102040,speech
902.783129251,nospeech
903.349115646,speech
903.566802721,nospeech
904.185034013,speech
904.498503401,nospeech
904.829387755,speech
906.022312925,nospeech
906.396734693,speech
907.023673469,nospeech
907.755102040,speech
908.025034013,nospeech
909.775238095,speech
911.717006802,nospeech
912.074013605,speech
913.615238095,nospeech
914.329251700,speech
914.634013605,nospeech
914.895238095,speech
915.208707482,nospeech
921.495510204,speech
922.096326530,nospeech
922.488163265,speech
923.176054421,nospeech
924.691156462,speech
924.969795918,nospeech
925.492244897,speech
926.911564625,nospeech
928.914285714,speech
929.297414965,nospeech
929.523809523,speech
930.037551020,nospeech
930.481632653,speech
934.574149659,nospeech
934.974693877,speech
937.116734693,nospeech
937.743673469,speech
938.562176870,nospeech
939.093333333,speech
941.679455782,nospeech
943.177142857,speech
944.735782312,nospeech
945.458503401,speech
946.790748299,nospeech
946.999727891,speech
949.524897959,nospeech
951.849795918,speech
952.328707482,nospeech
953.208163265,speech
953.852517006,nospeech
954.078911564,speech
954.644897959,nospeech
958.101768707,speech
958.293333333,nospeech
959.042176870,speech
959.346938775,nospeech
959.651700680,speech
959.799727891,nospeech
959.930340136,speech
961.462857142,nospeech
962.481632653,speech
964.118639455,nospeech
964.405986394,speech
964.876190476,nospeech
968.559455782,speech
969.160272108,nospeech
969.586938775,speech
970.927891156,nospeech
971.067210884,speech
972.686802721,nospeech
972.878367346,speech
974.219319727,nospeech
974.541496598,speech
975.473197278,nospeech
978.677551020,speech
979.809523809,nospeech
980.445170068,speech
984.041360544,nospeech
984.955646258,speech
988.569251700,nospeech
992.200272108,speech
994.612244897,nospeech
995.988027210,speech
996.318911564,nospeech
996.771700680,speech
997.372517006,nospeech
997.633741496,speech
998.391292517,nospeech
999.357823129,speech
1000.141496598,nospeech
1003.345850340,speech
1004.408163265,nospeech
1004.634557823,speech
1005.749115646,nospeech
1006.045170068,speech
1008.143673469,nospeech
1008.579047619,speech
1012.340680272,nospeech
1012.776054421,speech
1013.394285714,nospeech
1013.655510204,speech
1015.719183673,nospeech
1015.971700680,speech
1017.094965986,nospeech
1017.748027210,speech
1018.993197278,nospeech
1019.663673469,speech
1019.916190476,nospeech
1020.560544217,speech
1020.786938775,nospeech
1021.701224489,speech
1022.476190476,nospeech
1023.947755102,speech
1024.740136054,nospeech
1025.018775510,speech
1027.578775510,nospeech
1027.796462585,speech
1028.710748299,nospeech
1029.189659863,speech
1030.521904761,nospeech
1030.870204081,speech
1034.623129251,nospeech
1035.258775510,speech
1036.442993197,nospeech
1038.950748299,speech
1039.917278911,nospeech
1049.835102040,speech
1051.271836734,nospeech
1051.594013605,speech
1052.577959183,nospeech
1065.299591836,speech
1066.640544217,nospeech
1068.538775510,speech
1070.106122448,nospeech
1070.706938775,speech
1075.252244897,nospeech
1075.800816326,speech
1076.837006802,nospeech
1077.551020408,speech
1080.276462585,nospeech
1080.912108843,speech
1081.582585034,nospeech
1082.305306122,speech
1084.020680272,nospeech
1085.945034013,speech
1086.772244897,nospeech
1088.191564625,speech
1089.689251700,nospeech
1101.931972789,speech
1102.175782312,nospeech
1104.056598639,speech
1104.326530612,nospeech
1105.623945578,speech
1106.442448979,nospeech
1106.660136054,speech
1106.930068027,nospeech
1107.304489795,speech
1108.140408163,nospeech
1128.994829931,speech
1131.058503401,nospeech
1131.441632653,speech
1132.007619047,nospeech
1136.047891156,speech
1139.661496598,nospeech
1140.018503401,speech
1142.430476190,nospeech
1142.935510204,speech
1144.694421768,nospeech
1144.938231292,speech
1145.669659863,nospeech
1146.009251700,speech
1147.576598639,nospeech
1147.768163265,speech
1148.456054421,nospeech
1148.656326530,speech
1150.040816326,nospeech
1150.606802721,speech
1151.120544217,nospeech
1153.750204081,speech
1155.000000000,nospeech
1158.617687074,speech
1158.791836734,nospeech
1158.974693877,speech
1159.105306122,nospeech
1159.314285714,speech
1159.462312925,nospeech
1173.716462585,speech
1174.622040816,nospeech
1175.814965986,speech
1177.277823129,nospeech
1178.749387755,speech
1180.029387755,nospeech
1180.351564625,speech
1180.604081632,nospeech
1181.352925170,speech
1181.857959183,nospeech
1183.120544217,speech
1184.557278911,nospeech
1185.314829931,speech
1186.751564625,nospeech
1187.030204081,speech
1188.240544217,nospeech
1190.922448979,speech
1191.270748299,nospeech
1191.392653061,speech
1191.714829931,nospeech
1191.828027210,speech
1192.211156462,nospeech
1193.848163265,speech
1194.118095238,nospeech
1194.692789115,speech
1194.884353741,nospeech
1195.119455782,speech
1195.354557823,nospeech
1195.589659863,speech
1196.800000000,nospeech
1209.521632653,speech
1209.957006802,nospeech
1211.315374149,speech
1211.533061224,nospeech
1212.943673469,speech
1213.779591836,nospeech
1213.927619047,speech
1214.188843537,nospeech
1214.493605442,speech
1218.185578231,nospeech
1218.856054421,speech
1219.570068027,nospeech
1226.126802721,speech
1226.588299319,nospeech
1238.108299319,speech
1240.624761904,nospeech
1241.321360544,speech
1242.366258503,nospeech
1244.334149659,speech
1245.910204081,nospeech
1251.282721088,speech
1252.989387755,nospeech
1255.854149659,speech
1258.274829931,nospeech
1258.483809523,speech
1259.119455782,nospeech
1260.146938775,speech
1260.747755102,nospeech
1262.167074829,speech
1266.869115646,nospeech
1267.025850340,speech
1267.905306122,nospeech
1269.194013605,speech
1270.273741496,nospeech
1285.659863945,speech
1286.896326530,nospeech
1287.218503401,speech
1288.228571428,nospeech
1289.038367346,speech
1290.013605442,nospeech
1291.162993197,speech
1293.505306122,nospeech
1315.604897959,speech
1316.292789115,nospeech
1332.619319727,speech
1333.376870748,nospeech
1334.160544217,speech
1335.074829931,nospeech
1360.134965986,speech
1361.136326530,nospeech
1363.905306122,speech
1364.427755102,nospeech
1366.926802721,speech
1367.370884353,nospeech
1370.435918367,speech
1370.871292517,nospeech
1373.309387755,speech
1373.683809523,nospeech
1374.423945578,speech
1374.754829931,nospeech
1375.486258503,speech
1375.721360544,nospeech
1380.606258503,speech
1381.259319727,nospeech
1381.659863945,speech
1382.608979591,nospeech
1393.380136054,speech
1393.623945578,nospeech
1397.106938775,speech
1400.084897959,nospeech
1400.285170068,speech
1403.611428571,nospeech
1404.238367346,speech
1406.136598639,nospeech
1406.580680272,speech
1409.044897959,nospeech
1417.343129251,speech
1417.795918367,nospeech
1418.292244897,speech
1418.684081632,nospeech
1419.659319727,speech
1422.898503401,nospeech
1423.464489795,speech
1423.847619047,nospeech
1425.057959183,speech
1425.502040816,nospeech
1426.285714285,speech
1431.118367346,nospeech
1434.096326530,speech
1435.141224489,nospeech
1435.585306122,speech
1436.778231292,nospeech
1437.213605442,speech
1437.927619047,nospeech
1438.511020408,speech
1438.946394557,nospeech
1439.486258503,speech
1439.921632653,nospeech
1440.557278911,speech
1441.158095238,nospeech
1442.603537414,speech
1443.117278911,nospeech
1443.291428571,speech
1446.304217687,nospeech
1446.617687074,speech
1450.283537414,nospeech
1451.502585034,speech
1451.824761904,nospeech
1452.974149659,speech
1454.872380952,nospeech
1455.647346938,speech
1458.442448979,nospeech
1466.235646258,speech
1466.810340136,nospeech
1467.149931972,speech
1467.759455782,nospeech
1468.804353741,speech
1469.352925170,nospeech
1469.709931972,speech
1471.268571428,nospeech
1475.413333333,speech
1476.850068027,nospeech
1483.798639455,speech
1484.651972789,nospeech
1485.435646258,speech
1486.680816326,nospeech
1487.011700680,speech
1487.664761904,nospeech
1488.195918367,speech
1488.544217687,nospeech
1489.562993197,speech
1491.104217687,nospeech
1501.962448979,speech
1502.606802721,nospeech
1507.265306122,speech
1508.562721088,nospeech
1509.250612244,speech
1509.520544217,nospeech
1514.701496598,speech
1515.075918367,nospeech
1561.338775510,speech
1562.087619047,nospeech
1564.072925170,speech
1564.943673469,nospeech
1567.207619047,speech
1568.000000000,nospeech
1659.489523809,speech
1660.682448979,nospeech
1661.657687074,speech
1669.773061224,nospeech
1670.112653061,speech
1674.083265306,nospeech
1674.509931972,speech
1678.933333333,nospeech
1680.091428571,speech
1684.488707482,nospeech
1684.732517006,speech
1691.742040816,nospeech
1692.847891156,speech
1693.797006802,nospeech
1694.232380952,speech
1701.372517006,nospeech
1752.520272108,speech
1753.991836734,nospeech
1754.226938775,speech
1754.496870748,nospeech
1757.291972789,speech
1759.164081632,nospeech
1760.426666666,speech
1761.027482993,nospeech
1761.227755102,speech
1761.872108843,nospeech
1763.317551020,speech
1764.048979591,nospeech
1765.398639455,speech
1766.208435374,nospeech
1768.158911564,speech
1768.777142857,nospeech
1773.374693877,speech
1774.924625850,nospeech
1775.081360544,speech
1775.534149659,nospeech
1778.964897959,speech
1779.382857142,nospeech
1780.262312925,speech
1780.549659863,nospeech
1781.977687074,speech
1782.987755102,nospeech
1783.910748299,speech
1787.210884353,nospeech
1791.860680272,speech
1797.067755102,nospeech
1797.607619047,speech
1799.148843537,nospeech
1799.453605442,speech
