0.000000000,nospeech
0.243809523,speech
0.719818594,nospeech
5.613424036,speech
6.008163265,nospeech
106.759546485,speech
107.316825396,nospeech
108.181768707,speech
109.093151927,nospeech
109.888435374,speech
115.449614512,nospeech
115.786303854,speech
116.773151927,nospeech
117.318820861,speech
119.431836734,nospeech
120.000000000,speech
122.537505668,nospeech
122.874195011,speech
124.807256235,nospeech
124.946575963,speech
128.238004535,nospeech
129.486077097,speech
135.058866213,nospeech
135.627755102,speech
137.734965986,nospeech
138.640544217,speech
139.447437641,nospeech
139.882811791,speech
141.281814058,nospeech
142.100317460,speech
145.089886621,nospeech
145.681995464,speech
150.854240362,nospeech
173.418231292,speech
174.283174603,nospeech
176.837369614,speech
179.844353741,nospeech
180.866031746,speech
181.632290249,nospeech
185.457777777,speech
186.061496598,nospeech
187.698503401,speech
190.409433106,nospeech
191.727165532,speech
194.147845804,nospeech
195.221768707,speech
196.556916099,nospeech
199.401360544,speech
202.060045351,nospeech
205.543038548,speech
208.520997732,nospeech
210.152199546,speech
212.584489795,nospeech
213.791927437,speech
215.341859410,nospeech
217.652244897,speech
220.531519274,nospeech
220.653424036,speech
221.779591836,nospeech
222.807074829,speech
224.194467120,nospeech
225.796643990,speech
226.603537414,nospeech
231.003718820,speech
234.271927437,nospeech
235.328435374,speech
237.667845804,nospeech
238.492154195,speech
239.008798185,nospeech
240.541315192,speech
245.597460317,nospeech
246.781678004,speech
248.424489795,nospeech
249.881541950,speech
250.630385487,nospeech
270.007437641,speech
270.849160997,nospeech
272.277188208,speech
274.047709750,nospeech
276.131700680,speech
277.414603174,nospeech
278.151836734,speech
278.761360544,nospeech
280.247437641,speech
280.891791383,nospeech
291.305941043,speech
292.687528344,nospeech
292.983582766,speech
297.058684807,nospeech
297.540498866,speech
298.254512471,nospeech
299.473560090,speech
304.889614512,nospeech
305.040544217,speech
307.269659863,nospeech
307.577324263,speech
312.354829931,nospeech
312.633469387,speech
312.975963718,nospeech
313.446167800,speech
313.631927437,nospeech
320.673378684,speech
325.764353741,nospeech
325.903673469,speech
326.751201814,nospeech
327.099501133,speech
327.680000000,nospeech
328.103764172,speech
329.613061224,nospeech
330.327074829,speech
330.820498866,nospeech
332.039546485,speech
333.038004535,nospeech
333.229569160,speech
333.949387755,nospeech
334.541496598,speech
335.418049886,nospeech
335.923083900,speech
340.491609977,nospeech
340.851519274,speech
342.070566893,nospeech
342.256326530,speech
345.478095238,nospeech
345.692879818,speech
349.971156462,nospeech
350.104671201,speech
351.341133786,nospeech
351.962267573,speech
354.348117913,nospeech
355.207256235,speech
356.751383219,nospeech
356.908117913,speech
362.887256235,nospeech
363.276190476,speech
366.074195011,nospeech
366.312199546,speech
366.800000000,nospeech
367.647346938,speech
372.691882086,nospeech
372.854421768,speech
376.755374149,nospeech
377.417142857,speech
378.943854875,nospeech
379.826213151,speech
380.627301587,nospeech
381.590929705,speech
384.087074829,nospeech
384.789478458,speech
386.014331065,nospeech
386.809614512,speech
387.628117913,nospeech
387.790657596,speech
390.292607709,nospeech
391.200000000,speech
391.970249433,nospeech
392.655238095,speech
393.096417233,nospeech
393.914920634,speech
395.354557823,nospeech
397.659138321,speech
399.191655328,nospeech
400.387482993,speech
401.078276643,nospeech
401.635555555,speech
402.529523809,nospeech
402.889433106,speech
405.786122448,nospeech
407.324444444,speech
408.200997732,nospeech
409.298140589,speech
410.784217687,nospeech
413.141043083,speech
414.238185941,nospeech
414.534240362,speech
416.281541950,nospeech
416.983945578,speech
417.430929705,nospeech
418.365532879,speech
421.865941043,nospeech
422.359365079,speech
423.317188208,nospeech
424.600000000,speech
428.106303854,nospeech
428.408163265,speech
429.667845804,nospeech
429.923265306,speech
435.693424036,nospeech
436.059138321,speech
439.652426303,nospeech
440.261950113,speech
441.000000000,nospeech
441.283628117,speech
450.066575963,nospeech
450.728344671,speech
458.019410430,nospeech
458.594104308,speech
459.580952380,nospeech
460.265941043,speech
464.741587301,nospeech
465.037641723,speech
465.420770975,nospeech
465.920000000,speech
466.308934240,nospeech
467.342222222,speech
467.702131519,nospeech
468.468390022,speech
468.985034013,nospeech
469.240453514,speech
470.355011337,nospeech
470.500136054,speech
472.909206349,nospeech
473.408435374,speech
474.586848072,nospeech
474.801632653,speech
474.993197278,nospeech
475.231201814,speech
475.683990929,nospeech
476.148390022,speech
481.535419501,nospeech
481.697959183,speech
483.102766439,nospeech
483.665850340,speech
484.507573696,nospeech
485.800000000,speech
486.318730158,nospeech
486.997913832,speech
489.807528344,nospeech
490.469297052,speech
491.903129251,nospeech
492.135328798,speech
492.431383219,nospeech
492.843537414,speech
493.435646258,nospeech
493.720090702,speech
500.041723356,nospeech
500.506122448,speech
501.742585034,nospeech
502.038639455,speech
503.635011337,nospeech
504.395464852,speech
510.159818594,nospeech
510.757732426,speech
510.966712018,nospeech
512.505034013,speech
514.571609977,nospeech
514.728344671,speech
516.138956916,nospeech
516.313106575,speech
519.087891156,nospeech
519.273650793,speech
519.639365079,nospeech
519.877369614,speech
521.682721088,nospeech
521.926530612,speech
527.075555555,nospeech
527.278730158,speech
529.020226757,nospeech
529.803900226,speech
529.995464852,nospeech
531.168072562,speech
534.494331065,nospeech
534.790385487,speech
535.481179138,nospeech
540.612789115,speech
541.762176870,nospeech
547.990929705,speech
548.426303854,nospeech
552.304036281,speech
552.536235827,nospeech
554.086167800,speech
555.496780045,nospeech
556.332698412,speech
557.046712018,nospeech
562.636916099,speech
564.302947845,nospeech
565.237551020,speech
565.318820861,nospeech
566.311473922,speech
566.938412698,nospeech
568.349024943,speech
569.846712018,nospeech
570.015056689,speech
571.054149659,nospeech
584.446258503,speech
585.862675736,nospeech
586.060045351,speech
586.286439909,nospeech
628.343582766,speech
628.587392290,nospeech
629.313015873,speech
631.309931972,nospeech
631.925260770,speech
633.806077097,nospeech
634.212426303,speech
635.205079365,nospeech
638.171428571,speech
639.204716553,nospeech
646.112653061,speech
648.330158730,nospeech
649.044172335,speech
649.160272108,nospeech
649.636281179,speech
653.125079365,nospeech
653.908752834,speech
655.354195011,nospeech
655.865034013,speech
657.728435374,nospeech
657.966439909,speech
658.128979591,nospeech
658.715283446,speech
659.069387755,nospeech
659.452517006,speech
660.456780045,nospeech
661.664217687,speech
662.999365079,nospeech
663.330249433,speech
664.241632653,nospeech
664.851156462,speech
667.904580498,nospeech
668.206439909,speech
668.734693877,nospeech
670.325260770,speech
673.158095238,nospeech
673.994013605,speech
675.311746031,nospeech
677.024217687,speech
679.021133786,nospeech
681.412789115,speech
682.852426303,nospeech
683.403900226,speech
686.381859410,nospeech
687.455782312,speech
688.105941043,nospeech
688.262675736,speech
689.249523809,nospeech
690.427936507,speech
690.811065759,nospeech
691.565714285,speech
693.098231292,nospeech
693.847074829,speech
695.263492063,nospeech
695.716281179,speech
697.556462585,nospeech
698.154376417,speech
699.907482993,nospeech
701.823129251,speech
701.997278911,nospeech
702.252698412,speech
704.307664399,nospeech
704.446984126,speech
706.670294784,nospeech
709.543764172,speech
712.382403628,nospeech
712.910657596,speech
715.313922902,nospeech
715.633197278,speech
716.033741496,nospeech
716.445895691,speech
720.207528344,nospeech
720.805442176,speech
721.641360544,nospeech
722.465668934,speech
723.957551020,nospeech
724.770249433,speech
726.563990929,nospeech
727.771428571,speech
728.270657596,nospeech
729.013696145,speech
729.617414965,nospeech
731.840725623,speech
732.461859410,nospeech
733.988571428,speech
734.261405895,nospeech
735.561723356,speech
736.780770975,nospeech
737.866303854,speech
739.613605442,nospeech
740.710748299,speech
741.970430839,nospeech
742.963083900,speech
746.875646258,nospeech
747.746394557,speech
748.501043083,nospeech
749.679455782,speech
753.766167800,nospeech
755.356734693,speech
757.603265306,nospeech
758.027029478,speech
758.828117913,nospeech
759.205442176,speech
760.610249433,nospeech
761.179138321,speech
763.419863945,nospeech
763.913287981,speech
765.916009070,nospeech
766.484897959,speech
767.645895691,nospeech
768.325079365,speech
769.863401360,nospeech
770.246530612,speech
770.705124716,nospeech
771.117278911,speech
772.200000000,nospeech
773.445079365,speech
775.465215419,nospeech
776.399818594,speech
777.543401360,nospeech
777.839455782,speech
778.489614512,nospeech
778.779863945,speech
780.486530612,nospeech
780.637460317,speech
782.483446712,nospeech
782.924625850,speech
785.507845804,nospeech
785.664580498,speech
787.098412698,nospeech
787.336417233,speech
789.286893424,nospeech
790.279546485,speech
791.684353741,nospeech
792.090702947,speech
794.186303854,nospeech
795.039637188,speech
795.608526077,nospeech
796.769523809,speech
797.605442176,nospeech
798.522630385,speech
802.766077097,nospeech
803.729705215,speech
805.982040816,nospeech
807.154648526,speech
812.390748299,nospeech
812.622947845,speech
813.888435374,nospeech
814.010340136,speech
814.834648526,nospeech
816.047891156,speech
816.953469387,nospeech
818.793650793,speech
819.107120181,nospeech
819.780498866,speech
820.314557823,nospeech
831.164081632,speech
831.332426303,nospeech
864.415056689,speech
864.943310657,nospeech
865.570249433,speech
866.168163265,nospeech
866.620952380,speech
867.189841269,nospeech
867.607800453,speech
869.146122448,nospeech
869.401541950,speech
870.086530612,nospeech
870.730884353,speech
872.042811791,nospeech
872.408526077,speech
873.941043083,nospeech
874.208072562,speech
876.297868480,nospeech
877.238276643,speech
878.068390022,nospeech
881.830022675,speech
883.223219954,nospeech
883.542494331,speech
884.668662131,nospeech
885.754195011,speech
887.298321995,nospeech
887.780136054,speech
888.941133786,nospeech
891.152834467,speech
892.040997732,nospeech
892.546031746,speech
893.800000000,nospeech
894.484897959,speech
897.445442176,nospeech
897.869206349,speech
898.995374149,nospeech
899.703582766,speech
901.282539682,nospeech
901.497324263,speech
905.624671201,nospeech
906.000000000,speech
907.633197278,nospeech
907.830566893,speech
908.248526077,nospeech
908.399455782,speech
911.081360544,nospeech
911.243900226,speech
914.796553287,nospeech
915.173877551,speech
916.334875283,nospeech
916.805079365,speech
917.211428571,nospeech
917.867392290,speech
921.170430839,nospeech
921.652244897,speech
922.343038548,nospeech
923.091882086,speech
923.393741496,nospeech
923.881360544,speech
924.903038548,nospeech
925.483537414,speech
926.603900226,nospeech
927.689433106,speech
930.011428571,nospeech
930.406167800,speech
931.021496598,nospeech
932.513378684,speech
934.905034013,nospeech
935.322993197,speech
938.109387755,nospeech
938.463492063,speech
941.052517006,nospeech
941.226666666,speech
949.963174603,nospeech
950.299863945,speech
951.246077097,nospeech
951.687256235,speech
953.875736961,nospeech
954.177596371,speech
954.856780045,nospeech
955.205079365,speech
955.814603174,nospeech
956.598276643,speech
957.933424036,nospeech
958.786757369,speech
959.471746031,nospeech
959.640090702,speech
960.661768707,nospeech
960.899773242,speech
969.299591836,nospeech
976.944761904,speech
977.235011337,nospeech
1001.221224489,speech
1005.894240362,nospeech
1006.364444444,speech
1012.320362811,nospeech
1012.430657596,speech
1012.790566893,nospeech
1013.162086167,speech
1014.781678004,nospeech
1015.321541950,speech
1015.669841269,nospeech
1015.907845804,speech
1016.528979591,nospeech
1017.272018140,speech
1019.425668934,nospeech
1020.040997732,speech
1028.411791383,nospeech
1028.632380952,speech
1029.027120181,nospeech
1029.381224489,speech
1029.683083900,nospeech
1030.072018140,speech
1031.383945578,nospeech
1036.341405895,speech
1036.707120181,nospeech
1036.840634920,speech
1038.553106575,nospeech
1039.011700680,speech
1039.638639455,nospeech
1040.172698412,speech
1041.711020408,nospeech
1042.036099773,speech
1043.545396825,nospeech
1045.501678004,speech
1046.378231292,nospeech
1046.964535147,speech
1047.748208616,nospeech
1047.933968253,speech
1048.764081632,nospeech
1049.274920634,speech
1050.244353741,nospeech
1050.784217687,speech
1052.630204081,nospeech
1053.309387755,speech
1053.599637188,nospeech
1053.820226757,speech
1054.214965986,nospeech
1054.772244897,speech
1056.171247165,nospeech
1056.386031746,speech
1056.931700680,nospeech
1057.262585034,speech
1058.400362811,nospeech
1059.561360544,speech
1059.967709750,nospeech
1068.535873015,speech
1070.811428571,nospeech
1071.072653061,speech
1071.252607709,nospeech
1080.070385487,speech
1081.115283446,nospeech
1081.771247165,speech
1085.463219954,nospeech
1085.730249433,speech
1087.773605442,nospeech
1093.056145124,speech
1093.172244897,nospeech
1095.923809523,speech
1097.775600907,nospeech
1100.666485260,speech
1102.396371882,nospeech
1103.052335600,speech
1105.658775510,nospeech
1106.216054421,speech
1107.110022675,nospeech
1108.050430839,speech
1111.365079365,nospeech
1113.385215419,speech
1114.702947845,nospeech
1115.155736961,speech
1115.910385487,nospeech
1119.706848072,speech
1119.991292517,nospeech
1121.117460317,speech
1122.324897959,nospeech
1122.917006802,speech
1127.026938775,nospeech
1127.218503401,speech
1131.763809523,nospeech
1132.820317460,speech
1133.360181405,nospeech
1133.952290249,speech
1135.519637188,nospeech
1141.307210884,speech
1141.580045351,nospeech
1141.858684807,speech
1142.520453514,nospeech
1143.669841269,speech
1145.777052154,nospeech
1146.206621315,speech
1146.787120181,nospeech
1147.599818594,speech
1148.633106575,nospeech
1155.657142857,speech
1156.864580498,nospeech
1157.346394557,speech
1157.984943310,nospeech
1159.186575963,speech
1159.947029478,nospeech
1160.452063492,speech
1161.102222222,nospeech
1161.729160997,speech
1163.383582766,nospeech
1165.595283446,speech
1171.870476190,nospeech
1172.201360544,speech
1172.706394557,nospeech
1173.176598639,speech
1175.388299319,nospeech
1175.846893424,speech
1179.341496598,nospeech
1179.509841269,speech
1184.153832199,nospeech
1184.502131519,speech
1186.975056689,nospeech
1187.230476190,speech
1189.494421768,nospeech
1189.987845804,speech
1190.179410430,nospeech
1190.434829931,speech
1192.698775510,nospeech
1192.861315192,speech
1196.808707482,nospeech
1197.725895691,speech
1202.439546485,nospeech
1202.590476190,speech
1207.251882086,nospeech
1207.402811791,speech
1211.268934240,nospeech
1212.679546485,speech
1214.223673469,nospeech
1214.780952380,speech
1216.499229024,nospeech
1216.650158730,speech
1218.188480725,nospeech
1218.618049886,speech
1227.476462585,nospeech
1228.399455782,speech
1229.194739229,nospeech
1229.287619047,speech
1230.007437641,nospeech
1235.992380952,speech
1237.432018140,nospeech
1237.687437641,speech
1239.200000000,nospeech
1239.400000000,speech
1241.541950113,nospeech
1244.000000000,speech
1245.744761904,nospeech
1252.002539682,speech
1252.745578231,nospeech
1255.508752834,speech
1256.211156462,nospeech
1256.727800453,speech
1258.602811791,nospeech
1259.578049886,speech
1261.000272108,nospeech
1261.569160997,speech
1262.585034013,nospeech
1263.461587301,speech
1264.053696145,nospeech
1264.663219954,speech
1267.176780045,nospeech
1269.243356009,speech
1272.012335600,nospeech
1272.517369614,speech
1273.074648526,nospeech
1276.511201814,speech
1276.691156462,nospeech
1289.218321995,speech
1290.135510204,nospeech
1292.265941043,speech
1293.844897959,nospeech
1294.228027210,speech
1295.719909297,nospeech
1307.283446712,speech
1307.921995464,nospeech
1308.844988662,speech
1309.245532879,nospeech
1311.921632653,speech
1313.703764172,nospeech
1314.023038548,speech
1315.056326530,nospeech
1315.404625850,speech
1316.710748299,nospeech
1317.360907029,speech
1319.195283446,nospeech
1319.520362811,speech
1321.215419501,nospeech
1321.952653061,speech
1322.422857142,nospeech
1322.736326530,speech
1324.332698412,nospeech
1324.889977324,speech
1325.859410430,nospeech
1326.643083900,speech
1327.809886621,nospeech
1330.584671201,speech
1332.912471655,nospeech
1333.127256235,speech
1334.073469387,nospeech
1335.542131519,speech
1338.340136054,nospeech
1338.717460317,speech
1338.990294784,nospeech
1340.441541950,speech
1341.527074829,nospeech
1342.333968253,speech
1344.806893424,nospeech
1353.972970521,speech
1355.371972789,nospeech
1356.881269841,speech
1358.007437641,nospeech
1359.632834467,speech
1361.258231292,nospeech
1371.707210884,speech
1372.160000000,nospeech
1373.367437641,speech
1375.143764172,nospeech
1375.706848072,speech
1377.541224489,nospeech
1377.947573696,speech
1379.694875283,nospeech
1385.714648526,speech
1385.848163265,nospeech
1386.022312925,speech
1387.148480725,nospeech
1387.775419501,speech
1388.942222222,nospeech
1416.719092970,speech
1417.200907029,nospeech
1418.001995464,speech
1418.431564625,nospeech
1419.639002267,speech
1423.447074829,nospeech
1424.120453514,speech
1425.490430839,nospeech
1427.220317460,speech
1430.749750566,nospeech
1431.312834467,speech
1444.130249433,nospeech
1444.374058956,speech
1445.715011337,nospeech
1446.208435374,speech
1447.398458049,nospeech
1453.122176870,speech
1453.871020408,nospeech
1454.625668934,speech
1455.171337868,nospeech
1455.711201814,speech
1456.198820861,nospeech
1471.494965986,speech
1472.922993197,nospeech
1480.034104308,speech
1480.806167800,nospeech
1481.717551020,speech
1482.588299319,nospeech
1483.522902494,speech
1483.981496598,nospeech
1484.747755102,speech
1485.235374149,nospeech
1486.077097505,speech
1486.437006802,nospeech
1487.621224489,speech
1488.584852607,nospeech
1489.438185941,speech
1491.911111111,nospeech
1493.687437641,speech
1494.424671201,nospeech
1495.359274376,speech
1495.649523809,nospeech
1496.485442176,speech
1497.727709750,nospeech
1498.592653061,speech
1499.289251700,nospeech
1511.282358276,speech
1511.857052154,nospeech
1522.915555555,speech
1523.327709750,nospeech
1524.088163265,speech
1524.488707482,nospeech
1525.394285714,speech
1526.027029478,nospeech
1531.460498866,speech
1532.975600907,nospeech
1533.660589569,speech
1535.077006802,nospeech
1535.425306122,speech
1536.116099773,nospeech
1536.609523809,speech
1538.002721088,nospeech
1540.069297052,speech
1540.301496598,nospeech
1556.688979591,speech
1558.918095238,nospeech
1559.278004535,speech
1559.887528344,nospeech
1559.992018140,speech
1560.543492063,nospeech
1561.211065759,speech
1562.888707482,nospeech
1563.074467120,speech
1563.591111111,nospeech
1563.997460317,speech
1564.903038548,nospeech
1567.283083900,speech
1567.596553287,nospeech
1568.920090702,speech
1569.355464852,nospeech
1570.435192743,speech
1571.567165532,nospeech
1573.726621315,speech
1575.978956916,nospeech
1580.234013605,speech
1596.546031746,nospeech
1596.801451247,speech
1608.202448979,nospeech
1617.502040816,speech
1617.943219954,nospeech
1619.022947845,speech
1619.202902494,nospeech
1623.968798185,speech
1624.131337868,nospeech
1624.856961451,speech
1625.025306122,nospeech
1626.540408163,speech
1626.917732426,nospeech
1628.856598639,speech
1629.408072562,nospeech
1639.067573696,speech
1639.555192743,nospeech
1640.153106575,speech
1640.373696145,nospeech
1642.295147392,speech
1643.183310657,nospeech
1644.942222222,speech
1645.540136054,nospeech
1647.769251700,speech
1648.181405895,nospeech
1655.785941043,speech
1658.491065759,nospeech
1659.570793650,speech
1659.953922902,nospeech
1662.154013605,speech
1664.452789115,nospeech
1664.679183673,speech
1665.950476190,nospeech
1667.210158730,speech
1667.953197278,nospeech
1668.945850340,speech
1669.189659863,nospeech
1670.350657596,speech
1671.685804988,nospeech
1672.185034013,speech
1673.340226757,nospeech
1674.240000000,speech
1674.710204081,nospeech
1675.075918367,speech
1677.252789115,nospeech
1677.589478458,speech
1677.972607709,nospeech
1678.645986394,speech
1679.615419501,nospeech
1682.506303854,speech
1683.051972789,nospeech
1683.771791383,speech
1684.172335600,nospeech
1684.543854875,speech
1685.194013605,nospeech
1685.919637188,speech
1686.552380952,nospeech
1690.819047619,speech
1691.422766439,nospeech
1699.927074829,speech
1700.850068027,nospeech
1703.839637188,speech
1705.163174603,nospeech
1705.290884353,speech
1705.755283446,nospeech
1706.533151927,speech
1708.477823129,nospeech
1711.322267573,speech
1711.676371882,nospeech
1715.345124716,speech
1715.745668934,nospeech
1725.416780045,speech
1727.164081632,nospeech
1736.057324263,speech
1739.151383219,nospeech
1741.815873015,speech
1742.628571428,nospeech
1743.034920634,speech
1743.894058956,nospeech
1746.303129251,speech
1747.731156462,nospeech
1748.718004535,speech
1749.315918367,nospeech
1750.894875283,speech
1751.452154195,nospeech
1766.376780045,speech
1768.240181405,nospeech
1776.030476190,speech
1777.893877551,nospeech
1792.766258503,speech
1793.520907029,nospeech
1794.124625850,speech
1794.972154195,nospeech
1796.916825396,speech
1797.149024943,nospeech
1797.566984126,speech
1798.379682539,nospeech
1799.488435374,speech
