0.000000000,nospeech
93.370340136,speech
94.066938775,nospeech
96.435374149,speech
97.314829931,nospeech
105.412789115,speech
106.187755102,nospeech
106.597006802,speech
106.962721088,nospeech
107.145578231,speech
107.563537414,nospeech
108.059863945,speech
108.739047619,nospeech
109.148299319,speech
110.785306122,nospeech
117.141768707,speech
117.977687074,nospeech
120.050068027,speech
121.417142857,nospeech
121.730612244,speech
122.697142857,nospeech
123.219591836,speech
124.865306122,nospeech
125.204897959,speech
126.423945578,nospeech
126.571972789,speech
128.409251700,nospeech
136.402721088,speech
136.872925170,nospeech
138.327074829,speech
139.267482993,nospeech
141.261496598,speech
142.201904761,nospeech
142.428299319,speech
144.065306122,nospeech
144.239455782,speech
146.068027210,nospeech
150.238911564,speech
150.970340136,nospeech
151.370884353,speech
151.945578231,nospeech
153.277823129,speech
153.887346938,nospeech
154.435918367,speech
155.123809523,nospeech
176.535510204,speech
177.145034013,nospeech
180.088163265,speech
180.967619047,nospeech
183.336054421,speech
184.903401360,nospeech
186.192108843,speech
188.003265306,nospeech
188.734693877,speech
189.030748299,nospeech
190.354285714,speech
190.511020408,nospeech
190.763537414,speech
191.642993197,nospeech
192.835918367,speech
193.950476190,nospeech
194.742857142,speech
194.899591836,nospeech
196.397278911,speech
197.259319727,nospeech
198.408707482,speech
198.922448979,nospeech
200.245986394,speech
201.290884353,nospeech
202.344489795,speech
203.258775510,nospeech
210.277006802,speech
210.529523809,nospeech
214.604625850,speech
214.987755102,nospeech
218.165986394,speech
220.203537414,nospeech
221.352925170,speech
228.928435374,nospeech
229.581496598,speech
230.312925170,nospeech
231.235918367,speech
232.602993197,nospeech
234.031020408,speech
234.292244897,nospeech
236.025034013,speech
236.617142857,nospeech
236.974149659,speech
238.297687074,nospeech
238.811428571,speech
240.248163265,nospeech
241.693605442,speech
243.243537414,nospeech
243.914013605,speech
247.336054421,nospeech
250.862585034,speech
252.055510204,nospeech
253.178775510,speech
254.284625850,nospeech
254.676462585,speech
255.494965986,nospeech
256.104489795,speech
256.383129251,nospeech
256.922993197,speech
263.253333333,nospeech
266.980136054,speech
267.929251700,nospeech
268.373333333,speech
269.296326530,nospeech
269.531428571,speech
270.071292517,nospeech
277.542312925,speech
278.021224489,nospeech
278.883265306,speech
279.135782312,nospeech
282.183401360,speech
282.932244897,nospeech
285.492244897,speech
286.537142857,nospeech
287.312108843,speech
287.529795918,nospeech
288.757551020,speech
290.159455782,nospeech
291.004081632,speech
293.807891156,nospeech
294.042993197,speech
296.376598639,nospeech
297.360544217,speech
299.075918367,nospeech
300.085986394,speech
305.249523809,nospeech
305.885170068,speech
307.609251700,nospeech
308.001088435,speech
308.236190476,nospeech
310.604625850,speech
311.875918367,nospeech
312.050068027,speech
312.424489795,nospeech
312.877278911,speech
313.129795918,nospeech
315.498231292,speech
315.802993197,nospeech
317.448707482,speech
317.718639455,nospeech
323.282721088,speech
324.223129251,nospeech
330.274829931,speech
330.405442176,nospeech
331.180408163,speech
331.371972789,nospeech
333.618503401,speech
335.290340136,nospeech
335.577687074,speech
337.232108843,nospeech
337.885170068,speech
340.540952380,nospeech
340.758639455,speech
341.568435374,nospeech
341.777414965,speech
342.143129251,nospeech
342.421768707,speech
344.171972789,nospeech
344.711836734,speech
345.129795918,nospeech
345.643537414,speech
346.636190476,nospeech
346.845170068,speech
364.643265306,nospeech
364.904489795,speech
377.347482993,nospeech
377.582585034,speech
380.891428571,nospeech
381.152653061,speech
384.235102040,nospeech
384.600816326,speech
386.133333333,nospeech
387.439455782,speech
388.318911564,nospeech
389.729523809,speech
391.619047619,nospeech
391.845442176,speech
392.193741496,nospeech
393.020952380,speech
393.769795918,nospeech
398.680816326,speech
399.804081632,nospeech
401.902585034,speech
404.027210884,nospeech
404.410340136,speech
405.411700680,nospeech
406.552380952,speech
408.407074829,nospeech
411.402448979,speech
411.689795918,nospeech
411.933605442,speech
413.474829931,nospeech
417.593469387,speech
418.202993197,nospeech
419.613605442,speech
420.257959183,nospeech
420.806530612,speech
421.903673469,nospeech
422.095238095,speech
422.739591836,nospeech
422.939863945,speech
423.488435374,nospeech
424.663945578,speech
425.456326530,nospeech
427.459047619,speech
428.686802721,nospeech
431.124897959,speech
431.403537414,nospeech
433.946122448,speech
434.703673469,nospeech
436.575782312,speech
437.951564625,nospeech
438.238911564,speech
438.604625850,nospeech
441.652244897,speech
443.228299319,nospeech
444.760816326,speech
447.512380952,nospeech
450.612244897,speech
452.000000000,nospeech
455.540680272,speech
456.942585034,nospeech
460.486530612,speech
460.826122448,nospeech
461.165714285,speech
461.618503401,nospeech
463.516734693,speech
465.397551020,nospeech
467.208707482,speech
469.019863945,nospeech
469.342040816,speech
469.638095238,nospeech
472.476734693,speech
474.000000000,nospeech
475.001904761,speech
478.537142857,nospeech
480.208979591,speech
480.522448979,nospeech
481.131972789,speech
481.654421768,nospeech
484.240544217,speech
484.762993197,nospeech
485.894965986,speech
486.635102040,nospeech
487.697414965,speech
488.324353741,nospeech
491.563537414,speech
491.972789115,nospeech
494.245442176,speech
495.542857142,nospeech
496.753197278,speech
498.059319727,nospeech
501.124353741,speech
504.050068027,nospeech
630.630748299,speech
631.579863945,nospeech
647.706122448,speech
648.228571428,nospeech
649.604353741,speech
650.205170068,nospeech
671.068299319,speech
672.010231073,nospeech
672.322176870,speech
673.053605442,nospeech
673.628299319,speech
674.647074829,nospeech
696.372244897,speech
697.234285714,nospeech
697.643537414,speech
698.435918367,nospeech
706.081088435,speech
708.136054421,nospeech
710.278095238,speech
712.124081632,nospeech
715.406802721,speech
715.946666666,nospeech
717.183129251,speech
718.315102040,nospeech
718.776598639,speech
720.770612244,nospeech
720.918639455,speech
722.111564625,nospeech
722.337959183,speech
724.096870748,nospeech
724.784761904,speech
725.751292517,nospeech
726.726530612,speech
727.257687074,nospeech
727.910748299,speech
728.528979591,nospeech
740.684625850,speech
742.112653061,nospeech
743.410068027,speech
743.836734693,nospeech
745.125442176,speech
745.987482993,nospeech
749.052517006,speech
751.551564625,nospeech
758.447891156,speech
760.955646258,nospeech
761.843809523,speech
762.540408163,nospeech
764.551836734,speech
765.370340136,nospeech
767.773605442,speech
769.184217687,nospeech
770.472925170,speech
772.379863945,nospeech
774.870204081,speech
776.080544217,nospeech
777.874285714,speech
778.631836734,nospeech
779.415510204,speech
779.798639455,nospeech
781.557551020,speech
781.949387755,nospeech
791.849795918,speech
793.530340136,nospeech
795.141224489,speech
795.654965986,nospeech
796.029387755,speech
797.039455782,nospeech
798.371700680,speech
798.955102040,nospeech
802.002721088,speech
803.395918367,nospeech
811.206530612,speech
811.964081632,nospeech
815.690884353,speech
815.917278911,nospeech
825.495510204,speech
825.669659863,nospeech
826.610068027,speech
827.010612244,nospeech
829.379047619,speech
830.241088435,nospeech
831.695238095,speech
832.130612244,nospeech
833.828571428,speech
835.361088435,nospeech
835.883537414,speech
837.128707482,nospeech
847.464489795,speech
848.108843537,nospeech
848.796734693,speech
850.015782312,nospeech
850.268299319,speech
850.625306122,nospeech
851.635374149,speech
852.088163265,nospeech
861.274557823,speech
862.615510204,nospeech
865.880816326,speech
866.272653061,nospeech
866.577414965,speech
867.091156462,nospeech
869.616326530,speech
871.026938775,nospeech
875.284897959,speech
875.894421768,nospeech
878.950748299,speech
879.899863945,nospeech
880.831564625,speech
882.485986394,nospeech
882.703673469,speech
886.064761904,nospeech
886.465306122,speech
892.543129251,nospeech
892.743401360,speech
895.068299319,nospeech
895.634285714,speech
896.714013605,nospeech
899.404625850,speech
901.328979591,nospeech
901.511836734,speech
902.138775510,nospeech
902.373877551,speech
904.933877551,nospeech
905.264761904,speech
909.557551020,nospeech
909.705578231,speech
910.985578231,nospeech
911.368707482,speech
914.242176870,nospeech
914.451156462,speech
916.358095238,nospeech
917.585850340,speech
921.808979591,nospeech
922.287891156,speech
923.115102040,nospeech
923.315374149,speech
925.918911564,nospeech
927.521088435,speech
929.724081632,nospeech
936.089251700,speech
936.298231292,nospeech
937.795918367,speech
938.248707482,nospeech
948.210068027,speech
948.880544217,nospeech
949.925442176,speech
951.710476190,nospeech
954.383673469,speech
954.819047619,nospeech
957.100408163,speech
957.500952380,nospeech
970.675374149,speech
971.668027210,nospeech
974.872380952,speech
976.021768707,nospeech
976.352653061,speech
978.068027210,nospeech
978.982312925,speech
981.167891156,nospeech
986.540408163,speech
988.107755102,nospeech
989.648979591,speech
991.756190476,nospeech
999.619047619,speech
1000.820680272,nospeech
1002.057142857,speech
1002.657959183,nospeech
1002.858231292,speech
1004.678095238,nospeech
1005.705578231,speech
1007.177142857,nospeech
1009.902585034,speech
1010.912653061,nospeech
1012.192653061,speech
1013.516190476,nospeech
1056.078367346,speech
1056.748843537,nospeech
1059.805170068,speech
1062.312925170,nospeech
1064.002176870,speech
1066.144217687,nospeech
1066.562176870,speech
1068.251428571,nospeech
1069.949387755,speech
1070.585034013,nospeech
1071.812789115,speech
1072.448435374,nospeech
1073.859047619,speech
1075.086802721,nospeech
1078.282448979,speech
1079.397006802,nospeech
1081.469387755,speech
1081.861224489,nospeech
1083.437278911,speech
1085.405170068,nospeech
1085.814421768,speech
1086.571972789,nospeech
1087.277278911,speech
1089.471564625,nospeech
1092.170884353,speech
1092.554013605,nospeech
1094.112653061,speech
1095.410068027,nospeech
1096.158911564,speech
1097.369251700,nospeech
1097.943945578,speech
1098.544761904,nospeech
1099.154285714,speech
1100.573605442,nospeech
1102.480544217,speech
1104.509387755,nospeech
1106.024489795,speech
1107.156462585,nospeech
1108.375510204,speech
1110.909387755,nospeech
1112.276462585,speech
1113.530340136,nospeech
1115.977142857,speech
1116.969795918,nospeech
1119.503673469,speech
1120.330884353,nospeech
1123.308843537,speech
1123.848707482,nospeech
1125.355102040,speech
1126.826666666,nospeech
1130.919183673,speech
1131.685442176,nospeech
1135.438367346,speech
1137.502040816,nospeech
1138.425034013,speech
1140.070748299,nospeech
1140.819591836,speech
1141.873197278,nospeech
1142.395646258,speech
1143.562448979,nospeech
1144.563809523,speech
1146.819047619,nospeech
1147.890068027,speech
1148.743401360,nospeech
1150.075646258,speech
1151.512380952,nospeech
1151.747482993,speech
1152.809795918,nospeech
1153.410612244,speech
1155.491700680,nospeech
1156.109931972,speech
1157.102585034,nospeech
1158.156190476,speech
1158.791836734,nospeech
1159.270748299,speech
1159.662585034,nospeech
1160.716190476,speech
1162.997551020,nospeech
1168.117551020,speech
1172.549659863,nospeech
1172.889251700,speech
1174.482721088,nospeech
1175.440544217,speech
1176.006530612,nospeech
1176.285170068,speech
1186.063673469,nospeech
1186.211700680,speech
1189.685986394,nospeech
1190.487074829,speech
1191.549387755,nospeech
1193.099319727,speech
1193.639183673,nospeech
1195.084625850,speech
1197.122176870,nospeech
1197.487891156,speech
1199.400000000,nospeech
1200.518095238,speech
1201.980952380,nospeech
1202.381496598,speech
1203.200000000,nospeech
1204.149115646,speech
1206.186666666,nospeech
1206.456598639,speech
1207.780136054,nospeech
1208.468027210,speech
1213.701224489,nospeech
1214.084353741,speech
1215.329523809,nospeech
1217.541224489,speech
1221.154829931,nospeech
1221.503129251,speech
1223.801904761,nospeech
1224.524625850,speech
1225.726258503,nospeech
1226.475102040,speech
1227.659319727,nospeech
1228.965442176,speech
1230.567619047,nospeech
1232.152380952,speech
1232.796734693,nospeech
1235.722448979,speech
1236.915374149,nospeech
1238.021224489,speech
1238.926802721,nospeech
1240.494149659,speech
1241.556462585,nospeech
1242.792925170,speech
1245.152653061,nospeech
1245.588027210,speech
1245.736054421,nospeech
1246.101768707,speech
1247.930340136,nospeech
1248.226394557,speech
1249.262585034,nospeech
1250.211700680,speech
1253.163537414,nospeech
1253.529251700,speech
1257.691428571,nospeech
1257.891700680,speech
1259.075918367,nospeech
1260.025034013,speech
1262.158367346,nospeech
1263.220680272,speech
1265.301768707,nospeech
1266.198639455,speech
1267.713741496,nospeech
1268.523537414,speech
1270.404353741,nospeech
1271.231564625,speech
1272.241632653,nospeech
1273.147210884,speech
1273.939591836,nospeech
1274.627482993,speech
1276.116462585,nospeech
1277.196190476,speech
1279.251156462,nospeech
1279.512380952,speech
1280.165442176,nospeech
1281.262585034,speech
1281.793741496,nospeech
1282.202993197,speech
1283.552653061,nospeech
1298.555646258,speech
1298.982312925,nospeech
1313.349659863,speech
1316.614965986,nospeech
1317.093877551,speech
1317.372517006,nospeech
1317.494421768,speech
1319.061768707,nospeech
1323.546122448,speech
1323.868299319,nospeech
1324.382040816,speech
1325.026394557,nospeech
1358.567619047,speech
1359.455782312,nospeech
1370.653605442,speech
1371.863945578,nospeech
1373.161360544,speech
1376.200272108,nospeech
1379.587482993,speech
1380.684625850,nospeech
1384.002176870,speech
1384.820680272,nospeech
1386.109387755,speech
1387.302312925,nospeech
1387.467755102,speech
1388.974149659,nospeech
1389.557551020,speech
1395.557006802,nospeech
1397.820952380,speech
1398.125714285,nospeech
1399.397006802,speech
1400.441904761,nospeech
1401.843809523,speech
1403.411156462,nospeech
1403.768163265,speech
1404.638911564,nospeech
1407.033469387,speech
1407.582040816,nospeech
1408.417959183,speech
1408.592108843,nospeech
1412.249251700,speech
1412.597551020,nospeech
1412.745578231,speech
1413.041632653,nospeech
1413.537959183,speech
1414.164897959,nospeech
1414.347755102,speech
1414.530612244,nospeech
1415.453605442,speech
1415.854149659,nospeech
1416.219863945,speech
1416.646530612,nospeech
1416.960000000,speech
1417.142857142,nospeech
1417.909115646,speech
1421.226666666,nospeech
1421.670748299,speech
1423.333877551,nospeech
1424.570340136,speech
1425.049251700,nospeech
1425.327891156,speech
1425.502040816,nospeech
1425.998367346,speech
1427.391564625,nospeech
1427.713741496,speech
1427.948843537,nospeech
1429.194013605,speech
1429.577142857,nospeech
1430.517551020,speech
1430.648163265,nospeech
1431.562448979,speech
1431.745306122,nospeech
1432.781496598,speech
1435.524353741,nospeech
1436.142585034,speech
1437.283265306,nospeech
1443.030204081,speech
1443.822585034,nospeech
1445.233197278,speech
1445.607619047,nospeech
1447.958639455,speech
1448.341768707,nospeech
1449.308299319,speech
1449.926530612,nospeech
1450.771156462,speech
1451.293605442,nospeech
1451.824761904,speech
1452.051156462,nospeech
1452.530068027,speech
1452.686802721,nospeech
1452.956734693,speech
1453.278911564,nospeech
1456.936054421,speech
1457.327891156,nospeech
1458.207346938,speech
1458.991020408,nospeech
1460.323265306,speech
1460.636734693,nospeech
1461.620680272,speech
1461.873197278,nospeech
1462.047346938,speech
1462.299863945,nospeech
1463.501496598,speech
1464.520272108,nospeech
1473.515102040,speech
1474.150748299,nospeech
1476.240544217,speech
1476.762993197,nospeech
1514.135510204,speech
1515.110748299,nospeech
1517.200000000,speech
1518.132244897,nospeech
1520.552925170,speech
1521.650068027,nospeech
1523.800816326,speech
1524.732517006,nospeech
1525.281088435,speech
1527.797551020,nospeech
1529.991836734,speech
1530.557823129,nospeech
1559.736598639,speech
1560.833741496,nospeech
1561.000000000,speech
1562.061496598,nospeech
1565.614149659,speech
1566.571972789,nospeech
1567.200000000,speech
1570.525170068,nospeech
1570.673197278,speech
1571.082448979,nospeech
1571.665850340,speech
1572.057687074,nospeech
1573.520544217,speech
1575.061768707,nospeech
1577.874285714,speech
1579.624489795,nospeech
1580.303673469,speech
1581.958095238,nospeech
1584.970884353,speech
1586.137687074,nospeech
1587.017142857,speech
1587.600544217,nospeech
1588.680272108,speech
1589.629387755,nospeech
1590.099591836,speech
1590.961632653,nospeech
1591.231564625,speech
1592.276462585,nospeech
1592.407074829,speech
1594.026666666,nospeech
1595.358911564,speech
1595.811700680,nospeech
1596.934965986,speech
1600.156734693,nospeech
1600.740136054,speech
1601.898231292,nospeech
1602.551292517,speech
1606.077823129,nospeech
1606.574149659,speech
1608.045714285,nospeech
1608.533333333,speech
1609.134149659,nospeech
1609.578231292,speech
1612.451700680,nospeech
1613.122176870,speech
1614.384761904,nospeech
1615.769251700,speech
1617.232108843,nospeech
1618.390204081,speech
1621.481360544,nospeech
1622.334693877,speech
1626.052789115,nospeech
1626.505578231,speech
1627.245714285,nospeech
1629.065578231,speech
1631.294693877,nospeech
1631.651700680,speech
1635.400000000,nospeech
1635.831292517,speech
1636.841360544,nospeech
1637.059047619,speech
1637.912380952,nospeech
1638.069115646,speech
1643.964081632,nospeech
1644.390748299,speech
1646.567619047,nospeech
1646.898503401,speech
1651.304489795,nospeech
1651.661496598,speech
1654.064761904,nospeech
1654.247619047,speech
1659.611428571,nospeech
1660.090340136,speech
1661.727346938,nospeech
1662.249795918,speech
1662.876734693,nospeech
1663.521088435,speech
1664.304761904,nospeech
1664.696598639,speech
1665.994013605,nospeech
1666.507755102,speech
1667.343673469,nospeech
1667.596190476,speech
1668.876190476,nospeech
1669.607619047,speech
1670.556734693,nospeech
1671.087891156,speech
1671.706122448,nospeech
1673.909115646,speech
1674.840816326,nospeech
1688.468027210,speech
1689.086258503,nospeech
1691.489523809,speech
1692.560544217,nospeech
1698.873469387,speech
1701.059047619,nospeech
1702.704761904,speech
1703.279455782,nospeech
1704.193741496,speech
1705.543401360,nospeech
1706.492517006,speech
1708.538775510,nospeech
1709.453061224,speech
1709.923265306,nospeech
1713.127619047,speech
1714.886530612,nospeech
1721.451972789,speech
1722.958367346,nospeech
1725.265850340,speech
1726.302040816,nospeech
1726.571972789,speech
1728.835918367,nospeech
1730.124625850,speech
1731.517823129,nospeech
1734.504489795,speech
1734.992108843,nospeech
1736.646530612,speech
1739.206530612,nospeech
1740.399455782,speech
1741.374693877,nospeech
1746.242176870,speech
1747.374149659,nospeech
1748.027210884,speech
1749.490068027,nospeech
1749.699047619,speech
1751.161904761,nospeech
1752.877278911,speech
1754.792925170,nospeech
1754.940952380,speech
1756.133877551,nospeech
1761.219047619,speech
1762.142040816,nospeech
1763.099863945,speech
1764.205714285,nospeech
1764.397278911,speech
1765.703401360,nospeech
1768.167619047,speech
1769.491156462,nospeech
1771.476462585,speech
1773.357278911,nospeech
1774.672108843,speech
1776.013061224,nospeech
1778.747210884,speech
1779.269659863,nospeech
1779.731156462,speech
1781.098231292,nospeech
1784.398367346,speech
1784.764081632,nospeech
1785.478095238,speech
1790.476190476,nospeech
1792.827210884,speech
1793.245170068,nospeech
1793.584761904,speech
1795.160816326,nospeech
1795.526530612,speech
1797.921088435,nospeech
1798.234557823,speech
