0.000000000,speech
0.383129251,nospeech
4.075102040,speech
5.207074829,nospeech
7.923809523,speech
10.013605442,nospeech
14.010340136,speech
14.863673469,nospeech
16.187210884,speech
16.587755102,nospeech
17.972244897,speech
19.226122448,nospeech
19.635374149,speech
19.948843537,nospeech
21.115646258,speech
22.682993197,nospeech
30.154013605,speech
32.060952380,nospeech
32.487619047,speech
33.933061224,nospeech
34.115918367,speech
38.521904761,nospeech
39.505850340,speech
42.466394557,nospeech
42.745034013,speech
42.971428571,nospeech
43.154285714,speech
45.740408163,nospeech
46.036462585,speech
51.139047619,nospeech
52.480000000,speech
53.864489795,nospeech
54.613333333,speech
55.614693877,nospeech
57.460680272,speech
60.769523809,nospeech
61.561904761,speech
63.172789115,nospeech
63.468843537,speech
65.175510204,nospeech
65.680544217,speech
68.327619047,nospeech
68.902312925,speech
69.320272108,nospeech
69.485714285,speech
69.720816326,nospeech
70.382585034,speech
70.704761904,nospeech
71.949931972,speech
72.707482993,nospeech
73.848163265,speech
74.657959183,nospeech
74.954013605,speech
75.903129251,nospeech
76.425578231,speech
76.852244897,nospeech
77.618503401,speech
78.959455782,nospeech
79.238095238,speech
81.780680272,nospeech
82.442448979,speech
84.880544217,nospeech
85.072108843,speech
86.282448979,nospeech
86.900680272,speech
88.398367346,nospeech
89.129795918,speech
95.651700680,nospeech
95.991292517,speech
98.864761904,nospeech
99.308843537,speech
99.665850340,nospeech
101.990748299,speech
105.761088435,nospeech
107.520000000,speech
109.923265306,nospeech
110.288979591,speech
111.412244897,nospeech
112.117551020,speech
113.423673469,nospeech
113.667482993,speech
114.816870748,nospeech
115.870476190,speech
116.201360544,nospeech
116.854421768,speech
117.394285714,nospeech
117.733877551,speech
118.822312925,nospeech
119.745306122,speech
121.835102040,nospeech
122.035374149,speech
125.257142857,nospeech
125.466122448,speech
125.753469387,nospeech
126.336870748,speech
127.207619047,nospeech
128.008707482,speech
130.655782312,nospeech
131.552653061,speech
133.120000000,nospeech
133.328979591,speech
134.669931972,nospeech
135.174965986,speech
137.586938775,nospeech
138.701496598,speech
139.998911564,nospeech
140.399455782,speech
140.582312925,nospeech
144.187210884,speech
147.130340136,nospeech
147.887891156,speech
148.279727891,nospeech
148.480000000,speech
148.854421768,nospeech
149.638095238,speech
151.188027210,nospeech
151.414421768,speech
153.199455782,nospeech
154.331428571,speech
154.758095238,nospeech
155.419863945,speech
155.924897959,nospeech
156.995918367,speech
157.422585034,nospeech
158.284625850,speech
158.833197278,nospeech
167.497142857,speech
168.141496598,nospeech
170.649251700,speech
171.075918367,nospeech
174.019047619,speech
177.911292517,nospeech
178.581768707,speech
180.384217687,nospeech
181.472653061,speech
183.153197278,nospeech
189.866666666,speech
190.145306122,nospeech
195.648435374,speech
196.022857142,nospeech
197.694693877,speech
199.079183673,nospeech
199.366530612,speech
202.954013605,nospeech
203.537414965,speech
204.355918367,nospeech
204.747755102,speech
206.140952380,nospeech
206.489251700,speech
207.629931972,nospeech
212.610612244,speech
212.985034013,nospeech
214.500136054,speech
214.970340136,nospeech
215.309931972,speech
216.764081632,nospeech
219.237006802,speech
221.483537414,nospeech
222.432653061,speech
223.172789115,nospeech
224.513741496,speech
225.192925170,nospeech
230.016870748,speech
230.852789115,nospeech
232.202448979,speech
235.171700680,nospeech
237.418231292,speech
241.972244897,nospeech
243.922721088,speech
245.472653061,nospeech
249.434557823,speech
250.000544217,nospeech
251.829115646,speech
252.125170068,nospeech
254.598095238,speech
255.416598639,nospeech
262.138775510,speech
262.661224489,nospeech
264.977414965,speech
267.075918367,nospeech
267.789931972,speech
268.651972789,nospeech
269.566258503,speech
270.349931972,nospeech
270.846258503,speech
272.892517006,nospeech
273.423673469,speech
274.189931972,nospeech
274.903945578,speech
276.079455782,nospeech
277.786122448,speech
279.100952380,nospeech
283.750748299,speech
285.779591836,nospeech
286.606802721,speech
288.008707482,nospeech
290.246530612,speech
290.873469387,nospeech
291.996734693,speech
292.858775510,nospeech
293.712108843,speech
294.757006802,nospeech
294.983401360,speech
295.296870748,nospeech
296.672653061,speech
297.717551020,nospeech
298.823401360,speech
299.537414965,nospeech
305.737142857,speech
307.295782312,nospeech
308.958911564,speech
309.585850340,nospeech
311.841088435,speech
313.869931972,nospeech
314.540408163,speech
315.681088435,nospeech
317.257142857,speech
318.711292517,nospeech
323.482993197,speech
324.998095238,nospeech
328.637823129,speech
329.691428571,nospeech
330.509931972,speech
333.444353741,nospeech
335.595102040,speech
338.834285714,nospeech
340.105578231,speech
340.654149659,nospeech
344.520272108,speech
345.138503401,nospeech
346.627482993,speech
346.967074829,nospeech
348.586666666,speech
349.100408163,nospeech
354.568707482,speech
356.170884353,nospeech
357.964625850,speech
358.635102040,nospeech
360.063129251,speech
360.899047619,nospeech
362.187755102,speech
362.536054421,nospeech
363.049795918,speech
363.885714285,nospeech
364.477823129,speech
364.887074829,nospeech
365.609795918,speech
367.386122448,nospeech
368.683537414,speech
369.528163265,nospeech
370.224761904,speech
370.964897959,nospeech
372.027210884,speech
373.881904761,nospeech
374.944217687,speech
376.938231292,nospeech
377.591292517,speech
378.122448979,nospeech
379.707210884,speech
380.360272108,nospeech
380.621496598,speech
381.814421768,nospeech
382.493605442,speech
383.225034013,nospeech
383.799727891,speech
384.383129251,nospeech
385.680544217,speech
388.466938775,nospeech
388.771700680,speech
389.677278911,nospeech
390.591564625,speech
391.366530612,nospeech
392.960000000,speech
395.520000000,nospeech
396.251428571,speech
397.775238095,nospeech
398.280272108,speech
401.554285714,nospeech
403.156462585,speech
404.767346938,nospeech
407.466666666,speech
408.929523809,nospeech
409.312653061,speech
410.392380952,nospeech
410.671020408,speech
412.203537414,nospeech
413.962448979,speech
417.488979591,nospeech
423.592925170,speech
425.499863945,nospeech
427.223945578,speech
428.286258503,nospeech
429.688163265,speech
430.088707482,nospeech
430.262857142,speech
430.585034013,nospeech
432.439727891,speech
432.666122448,nospeech
435.826938775,speech
437.507482993,nospeech
439.327346938,speech
440.433197278,nospeech
444.116462585,speech
445.248435374,nospeech
445.492244897,speech
446.693877551,nospeech
448.104489795,speech
449.123265306,nospeech
451.953197278,speech
452.197006802,nospeech
452.893605442,speech
453.564081632,nospeech
456.968707482,speech
458.710204081,nospeech
458.936598639,speech
459.702857142,nospeech
467.661496598,speech
468.697687074,nospeech
483.056326530,speech
484.998095238,nospeech
494.820136054,speech
495.072653061,nospeech
496.692244897,speech
497.084081632,nospeech
499.496054421,speech
499.905306122,nospeech
506.009251700,speech
506.714557823,nospeech
507.088979591,speech
507.506938775,nospeech
508.830476190,speech
510.955102040,nospeech
513.358367346,speech
513.767619047,nospeech
515.352380952,speech
515.935782312,nospeech
520.524625850,speech
522.832108843,nospeech
523.128163265,speech
524.625850340,nospeech
524.904489795,speech
526.863673469,nospeech
528.134965986,speech
533.298503401,nospeech
534.369523809,speech
536.250340136,nospeech
537.408435374,speech
538.627482993,nospeech
539.167346938,speech
539.942312925,nospeech
541.683809523,speech
542.493605442,nospeech
546.899591836,speech
547.857414965,nospeech
549.241904761,speech
550.156190476,nospeech
552.803265306,speech
553.656598639,nospeech
558.358639455,speech
560.056598639,nospeech
561.780680272,speech
564.506122448,nospeech
564.784761904,speech
567.031292517,nospeech
568.633469387,speech
574.484897959,nospeech
574.859319727,speech
575.225034013,nospeech
577.845986394,speech
579.004081632,nospeech
583.244625850,speech
585.029659863,nospeech
586.231292517,speech
586.814693877,nospeech
590.750476190,speech
591.812789115,nospeech
592.152380952,speech
592.640000000,nospeech
657.188571428,speech
658.050612244,nospeech
661.681632653,speech
662.029931972,nospeech
662.752653061,speech
663.536326530,nospeech
664.163265306,speech
665.129795918,nospeech
665.774149659,speech
666.296598639,nospeech
666.514285714,speech
667.846530612,nospeech
668.160000000,speech
668.560544217,nospeech
669.265850340,speech
670.093061224,nospeech
671.077006802,speech
671.895510204,nospeech
672.592108843,speech
673.245170068,nospeech
674.969251700,speech
675.422040816,nospeech
676.362448979,speech
677.964625850,nospeech
678.164897959,speech
679.610340136,nospeech
680.942585034,speech
681.552108843,nospeech
682.144217687,speech
682.875646258,nospeech
683.502585034,speech
685.426938775,nospeech
686.132244897,speech
687.873741496,nospeech
688.413605442,speech
688.901224489,nospeech
689.380136054,speech
689.920000000,nospeech
690.616598639,speech
691.765986394,nospeech
691.966258503,speech
693.559727891,nospeech
694.012517006,speech
697.303945578,nospeech
697.652244897,speech
698.583945578,nospeech
699.289251700,speech
699.985850340,nospeech
700.534421768,speech
704.583401360,nospeech
704.966530612,speech
706.281360544,nospeech
706.612244897,speech
707.996734693,nospeech
708.153469387,speech
708.423401360,nospeech
708.597551020,speech
710.365170068,nospeech
710.948571428,speech
711.349115646,nospeech
711.645170068,speech
714.396734693,nospeech
714.875646258,speech
716.956734693,nospeech
717.470476190,speech
718.576326530,nospeech
718.750476190,speech
719.960816326,nospeech
720.161088435,speech
721.893877551,nospeech
722.033197278,speech
725.368163265,nospeech
725.568435374,speech
727.057414965,nospeech
727.240272108,speech
727.457959183,nospeech
727.989115646,speech
729.634829931,nospeech
731.019319727,speech
732.499591836,nospeech
732.978503401,speech
733.318095238,nospeech
734.780952380,speech
735.686530612,nospeech
735.921632653,speech
736.957823129,nospeech
741.921088435,speech
742.373877551,nospeech
744.124081632,speech
744.359183673,nospeech
746.292244897,speech
751.699591836,nospeech
752.030476190,speech
752.674829931,nospeech
752.857687074,speech
753.240816326,nospeech
753.562993197,speech
754.277006802,nospeech
754.599183673,speech
755.017142857,nospeech
755.217414965,speech
755.539591836,nospeech
755.983673469,speech
756.271020408,nospeech
757.228843537,speech
758.500136054,nospeech
759.031292517,speech
760.938231292,nospeech
761.687074829,speech
762.444625850,nospeech
762.862585034,speech
763.237006802,nospeech
767.590748299,speech
768.165442176,nospeech
769.332244897,speech
769.541224489,nospeech
769.959183673,speech
771.378503401,nospeech
771.831292517,speech
773.381224489,nospeech
774.382585034,speech
776.237278911,nospeech
776.986122448,speech
780.843537414,nospeech
781.583673469,speech
784.561632653,nospeech
785.711020408,speech
786.947482993,nospeech
788.201360544,speech
788.419047619,nospeech
789.307210884,speech
790.038639455,nospeech
790.456598639,speech
791.962993197,nospeech
792.946938775,speech
794.740680272,nospeech
796.011972789,speech
797.413877551,nospeech
798.023401360,speech
799.146666666,nospeech
800.226394557,speech
802.255238095,nospeech
803.570068027,speech
804.911020408,nospeech
805.955918367,speech
806.791836734,nospeech
809.804625850,speech
812.181768707,nospeech
813.087346938,speech
815.891156462,nospeech
816.727074829,speech
817.432380952,nospeech
819.226122448,speech
820.053333333,nospeech
821.925442176,speech
822.752653061,nospeech
826.401088435,speech
827.393741496,nospeech
828.612789115,speech
829.204897959,nospeech
831.973877551,speech
832.801088435,nospeech
834.220408163,speech
834.655782312,nospeech
835.718095238,speech
836.075102040,nospeech
836.545306122,speech
836.902312925,nospeech
838.312925170,speech
838.791836734,nospeech
839.793197278,speech
840.585578231,nospeech
842.388027210,speech
846.106122448,nospeech
846.506666666,speech
849.040544217,nospeech
849.188571428,speech
849.676190476,nospeech
850.485986394,speech
852.131700680,nospeech
853.254965986,speech
853.690340136,nospeech
854.787482993,speech
855.971700680,nospeech
858.671020408,speech
859.924897959,nospeech
860.160000000,speech
860.429931972,nospeech
861.570612244,speech
861.910204081,nospeech
863.538503401,speech
864.444081632,nospeech
865.462857142,speech
865.828571428,nospeech
867.543945578,speech
867.874829931,nospeech
871.105306122,speech
871.697414965,nospeech
872.324353741,speech
873.334421768,nospeech
873.682721088,speech
874.997551020,nospeech
875.511292517,speech
879.743129251,nospeech
880.587755102,speech
881.658775510,nospeech
882.050612244,speech
885.829659863,nospeech
886.996462585,speech
887.414421768,nospeech
887.858503401,speech
889.016598639,nospeech
889.312653061,speech
892.586666666,nospeech
892.952380952,speech
894.397823129,nospeech
894.676462585,speech
896.931700680,nospeech
898.028843537,speech
898.969251700,nospeech
904.202448979,speech
905.325714285,nospeech
906.109387755,speech
910.019047619,nospeech
910.889795918,speech
911.952108843,nospeech
912.178503401,speech
912.431020408,nospeech
913.702312925,speech
915.557006802,nospeech
915.748571428,speech
916.584489795,nospeech
918.029931972,speech
918.865850340,nospeech
919.109659863,speech
919.693061224,nospeech
920.746666666,speech
921.138503401,nospeech
922.549115646,speech
922.853877551,nospeech
923.158639455,speech
923.924897959,nospeech
925.361632653,speech
928.095782312,nospeech
928.583401360,speech
929.419319727,nospeech
929.854693877,speech
930.969251700,nospeech
931.169523809,speech
932.301496598,nospeech
932.937142857,speech
933.694693877,nospeech
933.982040816,speech
935.915102040,nospeech
936.672653061,speech
936.942585034,nospeech
937.290884353,speech
940.059863945,nospeech
940.260136054,speech
946.747210884,nospeech
947.165170068,speech
950.125714285,nospeech
950.822312925,speech
952.964353741,nospeech
953.399727891,speech
955.898775510,nospeech
956.447346938,speech
957.831836734,nospeech
958.119183673,speech
959.460136054,nospeech
959.712653061,speech
964.440816326,nospeech
964.754285714,speech
967.000000000,nospeech
967.227210884,speech
969.613061224,nospeech
970.379319727,speech
971.389387755,nospeech
971.502585034,speech
973.008979591,nospeech
997.921088435,speech
998.347755102,nospeech
1003.319727891,speech
1010.372789115,nospeech
1011.400272108,speech
1012.828299319,nospeech
1013.342040816,speech
1013.542312925,nospeech
1015.144489795,speech
1026.768979591,nospeech
1027.718095238,speech
1028.519183673,nospeech
1030.112653061,speech
1030.887619047,nospeech
1032.037006802,speech
1032.463673469,nospeech
1033.630476190,speech
1034.327074829,nospeech
1034.579591836,speech
1036.965442176,nospeech
1037.862312925,speech
1038.288979591,nospeech
1038.741768707,speech
1039.473197278,nospeech
1050.035374149,speech
1050.749387755,nospeech
1051.681088435,speech
1058.725442176,nospeech
1058.969251700,speech
1059.282721088,nospeech
1059.787755102,speech
1060.884897959,nospeech
1061.503129251,speech
1061.860136054,nospeech
1062.965986394,speech
1063.331700680,nospeech
1063.627755102,speech
1064.960000000,nospeech
1065.386666666,speech
1066.257414965,nospeech
1066.588299319,speech
1067.746394557,nospeech
1068.068571428,speech
1068.834829931,nospeech
1069.096054421,speech
1071.725714285,nospeech
1072.535510204,speech
1073.737142857,nospeech
1073.893877551,speech
1074.372789115,nospeech
1075.452517006,speech
1075.557006802,nospeech
1075.705034013,speech
1076.854421768,nospeech
1079.797551020,speech
1080.494149659,nospeech
1082.026666666,speech
1082.583945578,nospeech
1083.106394557,speech
1083.498231292,nospeech
1083.672380952,speech
1085.648979591,nospeech
1086.014693877,speech
1086.659047619,nospeech
1086.894149659,speech
1088.757551020,nospeech
1088.975238095,speech
1090.202993197,nospeech
1093.128707482,speech
1093.546666666,nospeech
1093.781768707,speech
1094.931156462,nospeech
1095.183673469,speech
1095.653877551,nospeech
1100.721632653,speech
1106.947482993,nospeech
1107.243537414,speech
1110.090884353,nospeech
1110.386938775,speech
1111.806258503,nospeech
1112.006530612,speech
1113.617414965,nospeech
1114.583945578,speech
1115.167346938,nospeech
1116.011972789,speech
1116.360272108,nospeech
1116.760816326,speech
1117.910204081,nospeech
1118.127891156,speech
1119.494965986,nospeech
1119.634285714,speech
1119.912925170,nospeech
1120.130612244,speech
1120.313469387,nospeech
1120.452789115,speech
1120.635646258,nospeech
1120.835918367,speech
1121.811156462,nospeech
1121.950476190,speech
1122.115918367,nospeech
1122.324897959,speech
1122.751564625,nospeech
1123.413333333,speech
1124.092517006,nospeech
1124.310204081,speech
1125.006802721,nospeech
1127.976054421,speech
1128.585578231,nospeech
1132.329795918,speech
1132.730340136,nospeech
1135.177142857,speech
1135.638639455,nospeech
1136.431020408,speech
1136.674829931,nospeech
1137.589115646,speech
1138.041904761,nospeech
1139.191292517,speech
1142.299863945,speech
1142.839727891,speech
1144.520272108,nospeech
1145.147210884,speech
1145.330068027,nospeech
1146.914829931,speech
1148.551836734,nospeech
1149.588027210,speech
1150.032108843,nospeech
1150.580680272,speech
1154.046258503,nospeech
1154.699319727,speech
1158.574149659,nospeech
1159.653877551,speech
1163.363265306,nospeech
1164.312380952,speech
1165.853605442,nospeech
1166.106122448,speech
1168.187210884,nospeech
1189.067755102,speech
1189.459591836,nospeech
1199.490612244,speech
1199.725714285,nospeech
1237.542312925,speech
1238.386938775,nospeech
1240.407074829,speech
1241.382312925,nospeech
1241.939591836,speech
1243.019319727,nospeech
1243.533061224,speech
1244.908843537,nospeech
1245.814421768,speech
1247.547210884,nospeech
1249.462857142,speech
1249.732789115,nospeech
1250.237823129,speech
1250.490340136,nospeech
1250.847346938,speech
1251.352380952,nospeech
1253.572789115,speech
1253.982040816,nospeech
1255.915102040,speech
1257.726258503,nospeech
1258.028117913,speech
1260.007619047,nospeech
1260.321088435,speech
1261.270204081,nospeech
1262.245442176,speech
1264.927346938,nospeech
1265.702312925,speech
1271.423129251,nospeech
1273.295238095,speech
1275.611428571,nospeech
1276.647619047,speech
1277.631564625,nospeech
1278.406530612,speech
1279.338231292,nospeech
1281.645714285,speech
1282.821224489,nospeech
1283.639727891,speech
1284.789115646,nospeech
1285.973333333,speech
1286.669931972,nospeech
1287.514557823,speech
1289.665306122,nospeech
1291.023673469,speech
1291.197823129,nospeech
1291.816054421,speech
1292.120816326,nospeech
1294.236734693,speech
1297.266938775,nospeech
1298.999727891,speech
1300.062040816,nospeech
1301.394285714,speech
1303.684353741,nospeech
1303.954285714,speech
1306.061496598,nospeech
1306.610068027,speech
1308.003265306,nospeech
1308.255782312,speech
1308.978503401,nospeech
1309.187482993,speech
1311.050884353,nospeech
1315.378503401,speech
1315.752925170,nospeech
1315.909659863,speech
1316.667210884,nospeech
1316.823945578,speech
1318.182312925,nospeech
1321.717551020,speech
1323.258775510,nospeech
1345.245170068,speech
1345.567346938,nospeech
1346.229115646,speech
1346.446802721,nospeech
1346.594829931,speech
1347.961904761,nospeech
1348.336326530,speech
1348.736870748,nospeech
1349.233197278,speech
1350.565442176,nospeech
1351.549387755,speech
1352.028299319,nospeech
1359.403537414,speech
1360.021768707,nospeech
1365.298503401,speech
1365.786122448,nospeech
1367.684353741,speech
1368.145850340,nospeech
1368.400000000,speech
1368.816326530,nospeech
1370.131156462,speech
1371.350204081,nospeech
1371.672380952,speech
1372.569251700,nospeech
1372.795646258,speech
1372.908843537,nospeech
1375.016054421,speech
1376.661768707,nospeech
1377.314829931,speech
1378.176870748,nospeech
1380.414693877,speech
1381.990748299,nospeech
1382.400000000,speech
1383.514557823,nospeech
1384.437551020,speech
1385.578231292,nospeech
1386.623129251,speech
1387.668027210,nospeech
1388.425578231,speech
1389.644625850,nospeech
1391.002993197,speech
1391.360000000,nospeech
1392.117551020,speech
1392.770612244,nospeech
1401.347482993,speech
1402.618775510,nospeech
1404.072925170,speech
1405.370340136,nospeech
1488.274285714,speech
1490.869115646,nospeech
1491.226122448,speech
1492.906666666,nospeech
1493.298503401,speech
1499.149931972,nospeech
1510.600272108,speech
1517.453061224,nospeech
1517.644625850,speech
1525.263673469,nospeech
1525.533605442,speech
1528.023945578,nospeech
1528.415782312,speech
1531.385034013,nospeech
1531.515646258,speech
1531.855238095,nospeech
1532.308027210,speech
1534.894149659,nospeech
1535.216326530,speech
1536.853333333,nospeech
1537.715374149,speech
1540.554013605,nospeech
1540.902312925,speech
1542.783129251,nospeech
1542.957278911,speech
1543.723537414,nospeech
1544.010884353,speech
1548.678095238,nospeech
1549.905850340,speech
1552.004353741,nospeech
1552.335238095,speech
1553.414965986,nospeech
1553.615238095,speech
1555.818231292,nospeech
1556.062040816,speech
1557.400000000,nospeech
1557.820952380,speech
1560.050068027,nospeech
1560.598639455,speech
1562.261768707,nospeech
1563.637551020,speech
1563.959727891,nospeech
1564.429931972,speech
1565.283265306,nospeech
1566.023401360,speech
1567.608163265,nospeech
1567.808435374,speech
1569.776326530,nospeech
1570.168163265,speech
1571.413333333,nospeech
1571.543945578,speech
1572.493061224,nospeech
1572.728163265,speech
1574.260680272,nospeech
1574.661224489,speech
1576.600453514,nospeech
1577.874285714,speech
1579.206530612,nospeech
1579.546122448,speech
1581.409523809,nospeech
1581.879727891,speech
1582.140952380,nospeech
1583.629931972,speech
1585.754557823,nospeech
1586.390204081,speech
1594.749387755,nospeech
1594.967074829,speech
1597.048163265,nospeech
1597.396462585,speech
1599.111836734,nospeech
1599.660408163,speech
1601.358367346,nospeech
1602.655782312,speech
1604.562721088,nospeech
1605.093877551,speech
1606.225850340,nospeech
1609.447619047,speech
1610.431564625,nospeech
1610.884353741,speech
1613.435646258,nospeech
1614.611156462,speech
1615.368707482,nospeech
1617.031836734,speech
1617.266938775,nospeech
1618.451156462,speech
1618.651428571,nospeech
1621.908027210,speech
1623.397006802,nospeech
1626.801632653,speech
1627.393741496,nospeech
1632.522448979,speech
1636.066394557,nospeech
1636.353741496,speech
1637.564081632,nospeech
1641.665306122,speech
1642.126802721,nospeech
1650.346666666,speech
1650.851700680,nospeech
1653.899319727,speech
1654.447891156,nospeech
1656.076190476,speech
1657.983129251,nospeech
1660.508299319,speech
1661.004308390,nospeech
1661.401043083,speech
1662.023401360,nospeech
1662.284625850,speech
1662.685170068,nospeech
1663.207619047,speech
1664.609523809,nospeech
1665.236462585,speech
1665.680544217,nospeech
1666.133333333,speech
1667.021496598,nospeech
1667.657142857,speech
1668.109931972,nospeech
1707.293605442,speech
1707.859591836,nospeech
1718.221496598,speech
1718.517551020,nospeech
1721.974421768,speech
1722.357551020,nospeech
1722.636190476,speech
1723.028027210,nospeech
1723.872653061,speech
1724.691156462,nospeech
1725.413877551,speech
1728.034829931,nospeech
1728.774965986,speech
1729.175510204,nospeech
1732.536598639,speech
1735.166258503,nospeech
1736.899047619,speech
1738.475102040,nospeech
1740.051156462,speech
1741.931972789,nospeech
1742.611156462,speech
1745.084081632,nospeech
1745.604353741,speech
1746.102857142,nospeech
1746.721088435,speech
1748.166530612,nospeech
1748.314557823,speech
1750.900680272,nospeech
1751.135782312,speech
1753.277823129,nospeech
1756.090340136,speech
1756.926258503,nospeech
1757.770884353,speech
1758.876734693,nospeech
1759.277278911,speech
1759.747482993,nospeech
1760.017414965,speech
1760.522448979,nospeech
1760.844625850,speech
1761.358367346,nospeech
1761.645714285,speech
1763.143401360,nospeech
1763.300136054,speech
1764.815238095,nospeech
1765.085170068,speech
1768.394013605,nospeech
1768.759727891,speech
1770.231292517,nospeech
1770.466394557,speech
1772.887074829,nospeech
1775.621224489,speech
1775.847619047,nospeech
1776.552925170,speech
1777.571700680,nospeech
1779.487346938,speech
1780.480000000,nospeech
1781.481360544,speech
1782.491428571,nospeech
1785.852517006,speech
1786.862585034,nospeech
