0.000000000,nospeech
60.569251700,speech
61.979863945,nospeech
166.939863945,speech
168.576870748,nospeech
171.641904761,speech
172.146938775,nospeech
173.992925170,speech
174.550204081,nospeech
175.490612244,speech
176.431020408,nospeech
178.503401360,speech
179.530884353,nospeech
183.536326530,speech
185.138503401,nospeech
186.932244897,speech
187.594013605,nospeech
188.517006802,speech
189.422585034,nospeech
190.206258503,speech
191.599455782,nospeech
193.323537414,speech
194.925714285,nospeech
197.886258503,speech
199.070476190,nospeech
200.272108843,speech
202.152925170,nospeech
267.267482993,speech
267.755102040,nospeech
269.810068027,speech
270.489251700,nospeech
272.387482993,speech
276.941496598,nospeech
277.254965986,speech
278.482721088,nospeech
278.935510204,speech
283.794285714,nospeech
284.046802721,speech
286.014693877,nospeech
286.415238095,speech
287.059591836,nospeech
287.634285714,speech
287.878095238,nospeech
288.104489795,speech
295.436190476,nospeech
296.576870748,speech
304.404897959,nospeech
304.705306122,speech
305.362721088,nospeech
307.200000000,speech
310.648163265,nospeech
310.900680272,speech
313.486802721,nospeech
314.105034013,speech
314.740680272,nospeech
315.428571428,speech
318.702585034,speech
319.381768707,nospeech
320.365714285,nospeech
320.975238095,speech
323.326258503,nospeech
323.840000000,speech
325.903673469,nospeech
326.225850340,speech
326.739591836,nospeech
326.957278911,speech
328.542040816,nospeech
328.907755102,speech
330.213877551,nospeech
330.736326530,speech
332.007619047,nospeech
332.242721088,speech
333.775238095,nospeech
334.306394557,speech
334.628571428,nospeech
336.169795918,speech
338.076734693,nospeech
338.899591836,speech
340.140408163,nospeech
343.471020408,speech
345.391020408,nospeech
345.560816326,speech
346.840816326,nospeech
347.049795918,speech
348.368979591,nospeech
348.630204081,speech
350.524081632,nospeech
350.772244897,speech
351.686530612,nospeech
352.143673469,speech
352.783673469,nospeech
353.110204081,speech
353.867755102,nospeech
354.246530612,speech
357.342040816,nospeech
357.799183673,speech
361.364897959,nospeech
362.762448979,speech
363.311020408,nospeech
366.955102040,speech
368.992653061,nospeech
369.632653061,speech
372.793469387,nospeech
373.093877551,speech
374.831020408,nospeech
376.163265306,speech
376.790204081,nospeech
377.195102040,speech
377.795918367,nospeech
379.023673469,speech
379.624489795,nospeech
380.382040816,speech
381.479183673,nospeech
382.680816326,speech
384.966530612,nospeech
385.593469387,speech
386.076734693,nospeech
386.873469387,speech
388.519183673,nospeech
389.564081632,speech
391.797551020,nospeech
392.084897959,speech
393.364897959,nospeech
393.652244897,speech
394.919183673,nospeech
397.609795918,speech
398.119183673,nospeech
400.901224489,speech
401.567346938,nospeech
401.893877551,speech
402.729795918,nospeech
410.540408163,speech
411.363265306,nospeech
425.652244897,speech
426.174693877,nospeech
426.723265306,speech
427.180408163,nospeech
453.511836734,speech
454.569795918,nospeech
454.974693877,speech
456.463673469,nospeech
458.318367346,speech
459.415510204,nospeech
459.663673469,speech
460.604081632,nospeech
463.320816326,speech
464.496326530,nospeech
466.494693877,speech
467.709387755,nospeech
469.733877551,speech
470.125714285,nospeech
472.228571428,speech
472.960000000,nospeech
474.096326530,speech
474.840816326,nospeech
475.219591836,speech
475.598367346,nospeech
476.146938775,speech
480.444081632,nospeech
480.862040816,speech
483.539591836,nospeech
484.218775510,speech
486.909387755,nospeech
487.170612244,speech
489.913469387,nospeech
490.932244897,speech
491.428571428,nospeech
492.695510204,speech
493.675102040,nospeech
494.511020408,speech
495.699591836,nospeech
504.502857142,speech
505.822040816,nospeech
506.292244897,speech
506.644897959,nospeech
509.244081632,speech
509.505306122,nospeech
514.625306122,speech
515.017142857,nospeech
515.892244897,speech
517.133061224,nospeech
519.144489795,speech
519.875918367,nospeech
523.193469387,speech
524.564897959,nospeech
524.995918367,speech
525.583673469,nospeech
526.014693877,speech
526.576326530,nospeech
546.037551020,speech
546.351020408,nospeech
546.703673469,speech
547.343673469,nospeech
576.796734693,speech
577.227755102,nospeech
577.658775510,speech
578.076734693,nospeech
583.666938775,speech
584.058775510,nospeech
585.234285714,speech
585.691428571,nospeech
586.527346938,speech
587.036734693,nospeech
587.742040816,speech
589.413877551,nospeech
590.093061224,speech
592.822857142,nospeech
593.332244897,speech
594.546938775,nospeech
594.847346938,speech
595.539591836,nospeech
596.009795918,speech
596.623673469,nospeech
597.289795918,speech
597.877551020,nospeech
598.517551020,speech
599.431836734,nospeech
600.320000000,speech
601.430204081,nospeech
613.733877551,speech
615.157551020,nospeech
615.797551020,speech
618.631836734,nospeech
619.297959183,speech
620.303673469,nospeech
622.680816326,speech
623.333877551,nospeech
624.940408163,speech
629.015510204,nospeech
629.289795918,speech
639.399183673,nospeech
639.673469387,speech
642.507755102,nospeech
643.030204081,speech
643.539591836,nospeech
644.780408163,speech
645.381224489,nospeech
646.452244897,speech
647.588571428,nospeech
648.097959183,speech
650.031020408,nospeech
650.840816326,speech
653.074285714,nospeech
653.648979591,speech
657.462857142,nospeech
661.942857142,speech
663.000816326,nospeech
663.418775510,speech
664.646530612,nospeech
664.894693877,speech
668.447346938,nospeech
668.721632653,speech
671.555918367,nospeech
673.306122448,speech
675.826938775,nospeech
678.191020408,speech
679.196734693,nospeech
679.575510204,speech
682.605714285,nospeech
688.052244897,speech
689.293061224,nospeech
693.028571428,speech
693.420408163,nospeech
697.874285714,speech
698.566530612,nospeech
699.702857142,speech
702.458775510,nospeech
703.373061224,speech
704.822857142,nospeech
706.703673469,speech
707.474285714,nospeech
708.336326530,speech
711.157551020,nospeech
711.366530612,speech
712.685714285,nospeech
713.795918367,speech
714.814693877,nospeech
715.520000000,speech
716.355918367,nospeech
717.844897959,speech
719.046530612,nospeech
722.612244897,speech
723.356734693,nospeech
723.526530612,speech
724.597551020,nospeech
734.001632653,speech
735.007346938,nospeech
735.699591836,speech
740.075102040,nospeech
742.230204081,speech
743.431836734,nospeech
745.978775510,speech
746.840816326,nospeech
749.766530612,speech
750.915918367,nospeech
754.481632653,speech
755.670204081,nospeech
769.436734693,speech
769.750204081,nospeech
770.729795918,speech
771.400000000,nospeech
772.675918367,speech
773.524897959,nospeech
774.347755102,speech
775.301224489,nospeech
775.510204081,speech
775.836734693,nospeech
776.032653061,speech
776.306938775,nospeech
776.594285714,speech
777.234285714,nospeech
781.910204081,speech
782.223673469,nospeech
783.164081632,speech
784.496326530,nospeech
784.822857142,speech
785.711020408,nospeech
787.004081632,speech
788.558367346,nospeech
790.347755102,speech
790.870204081,nospeech
791.301224489,speech
791.800000000,nospeech
797.035102040,speech
798.367346938,nospeech
799.516734693,speech
800.026122448,nospeech
800.496326530,speech
807.719183673,nospeech
820.284081632,speech
821.289795918,nospeech
822.896326530,speech
823.144489795,nospeech
827.520000000,speech
828.212244897,nospeech
830.393469387,speech
831.477551020,nospeech
832.391836734,speech
832.744489795,nospeech
839.431836734,speech
840.555102040,nospeech
860.408163265,speech
861.035102040,nospeech
902.334693877,speech
903.353469387,nospeech
905.116734693,speech
905.769795918,nospeech
908.708571428,speech
909.335510204,nospeech
911.960816326,speech
912.940408163,nospeech
914.311836734,speech
915.304489795,nospeech
917.368163265,speech
918.883265306,nospeech
919.484081632,speech
920.280816326,nospeech
921.639183673,speech
921.861224489,nospeech
923.102040816,speech
923.768163265,nospeech
925.962448979,speech
926.354285714,nospeech
928.940408163,speech
929.227755102,nospeech
929.763265306,speech
930.520816326,nospeech
934.269387755,speech
935.183673469,nospeech
937.547755102,speech
938.409795918,nospeech
954.566530612,speech
955.415510204,nospeech
955.663673469,speech
955.924897959,nospeech
956.199183673,speech
956.747755102,nospeech
956.904489795,speech
957.975510204,nospeech
958.158367346,speech
958.471836734,nospeech
964.480000000,speech
965.629387755,nospeech
976.274285714,speech
977.280000000,nospeech
980.675918367,speech
981.200000000,nospeech
984.097959183,speech
985.351836734,nospeech
985.782857142,speech
986.318367346,nospeech
986.814693877,speech
987.833469387,nospeech
988.368979591,speech
989.440000000,nospeech
989.779591836,speech
990.497959183,nospeech
990.706938775,speech
991.647346938,nospeech
991.895510204,speech
993.358367346,nospeech
993.684897959,speech
994.050612244,nospeech
994.599183673,speech
996.401632653,nospeech
996.911020408,speech
997.629387755,nospeech
998.308571428,speech
999.536326530,nospeech
1001.613061224,speech
1002.253061224,nospeech
1002.827755102,speech
1004.760816326,nospeech
1005.622857142,speech
1006.524081632,nospeech
1006.706938775,speech
1007.555918367,nospeech
1008.313469387,speech
1009.097142857,nospeech
1011.422040816,speech
1012.401632653,nospeech
1013.394285714,speech
1014.987755102,nospeech
1015.915102040,speech
1016.555102040,nospeech
1018.801632653,speech
1019.755102040,nospeech
1020.329795918,speech
1020.721632653,nospeech
1023.020408163,speech
1024.470204081,nospeech
1025.645714285,speech
1027.813877551,nospeech
1028.688979591,speech
1030.034285714,nospeech
1031.967346938,speech
1032.568163265,nospeech
1036.930612244,speech
1038.445714285,nospeech
1065.861224489,speech
1066.801632653,nospeech
1068.721632653,speech
1069.361632653,nospeech
1074.390204081,speech
1075.513469387,nospeech
1081.090612244,speech
1084.395102040,nospeech
1084.852244897,speech
1085.753469387,nospeech
1087.085714285,speech
1087.856326530,nospeech
1090.507755102,speech
1091.343673469,nospeech
1098.292244897,speech
1098.866938775,nospeech
1101.635918367,speech
1102.001632653,nospeech
1103.098775510,speech
1104.039183673,nospeech
1104.574693877,speech
1105.175510204,nospeech
1107.382857142,speech
1108.284081632,nospeech
1109.315918367,speech
1110.125714285,nospeech
1113.025306122,speech
1113.795918367,nospeech
1113.926530612,speech
1114.566530612,nospeech
1115.742040816,speech
1116.355918367,nospeech
1116.760816326,speech
1117.374693877,nospeech
1120.039183673,speech
1123.056326530,nospeech
1123.631020408,speech
1125.093877551,nospeech
1126.648163265,speech
1128.058775510,nospeech
1128.359183673,speech
1130.984489795,nospeech
1131.533061224,speech
1134.249795918,nospeech
1134.641632653,speech
1138.716734693,nospeech
1138.964897959,speech
1140.832653061,nospeech
1143.732244897,speech
1145.273469387,nospeech
1146.070204081,speech
1147.258775510,nospeech
1148.382040816,speech
1149.283265306,nospeech
1151.242448979,speech
1152.718367346,nospeech
1153.371428571,speech
1154.795102040,nospeech
1155.578775510,speech
1157.263673469,nospeech
1158.334693877,speech
1159.758367346,nospeech
1160.150204081,speech
1161.025306122,nospeech
1161.404081632,speech
1165.622857142,nospeech
1166.171428571,speech
1166.563265306,nospeech
1167.255510204,speech
1167.751836734,nospeech
1168.744489795,speech
1169.358367346,nospeech
1169.580408163,speech
1170.664489795,nospeech
1171.787755102,speech
1173.146122448,nospeech
1173.812244897,speech
1177.325714285,nospeech
1177.730612244,speech
1179.572244897,nospeech
1179.742040816,speech
1180.068571428,nospeech
1180.186122448,speech
1180.943673469,nospeech
1182.053877551,speech
1183.686530612,nospeech
1184.222040816,speech
1185.280000000,nospeech
1186.102857142,speech
1187.030204081,nospeech
1187.356734693,speech
1188.284081632,nospeech
1188.610612244,speech
1189.498775510,nospeech
1191.706122448,speech
1192.398367346,nospeech
1194.383673469,speech
1194.866938775,nospeech
1195.075918367,speech
1196.029387755,nospeech
1196.630204081,speech
1197.152653061,nospeech
1197.466122448,speech
1199.320816326,nospeech
1199.595102040,speech
1200.626938775,nospeech
1203.931428571,speech
1204.493061224,nospeech
1207.183673469,speech
1208.032653061,nospeech
1208.633469387,speech
1209.600000000,nospeech
1215.216326530,speech
1215.660408163,nospeech
1220.375510204,speech
1222.151836734,nospeech
1223.823673469,speech
1225.678367346,nospeech
1228.512653061,speech
1229.191836734,nospeech
1229.583673469,speech
1230.066938775,nospeech
1238.386938775,speech
1239.053061224,nospeech
1240.124081632,speech
1240.594285714,nospeech
1251.043265306,speech
1251.709387755,nospeech
1287.849795918,speech
1288.293877551,nospeech
1302.386938775,speech
1302.909387755,nospeech
1305.521632653,speech
1306.044081632,nospeech
1312.091428571,speech
1312.509387755,nospeech
1325.309387755,speech
1325.779591836,nospeech
1330.690612244,speech
1331.147755102,nospeech
1438.667755102,speech
1438.981224489,nospeech
1444.271020408,speech
1444.636734693,nospeech
1503.764897959,speech
1504.052244897,nospeech
1504.352653061,speech
1504.809795918,nospeech
1507.069387755,speech
1507.600000000,nospeech
1508.205714285,speech
1508.584489795,nospeech
1509.159183673,speech
1510.034285714,nospeech
1511.183673469,speech
1512.672653061,nospeech
1527.196734693,speech
1527.823673469,nospeech
1528.568163265,speech
1529.338775510,nospeech
1530.004897959,speech
1530.644897959,nospeech
1531.193469387,speech
1531.650612244,nospeech
1542.282448979,speech
1542.791836734,nospeech
1544.045714285,speech
1545.038367346,nospeech
1558.243265306,speech
1559.092244897,nospeech
1561.808979591,speech
1562.422857142,nospeech
1576.111020408,speech
1576.881632653,nospeech
1582.458775510,speech
1582.889795918,nospeech
1585.175510204,speech
1585.711020408,nospeech
1592.189387755,speech
1592.411428571,nospeech
1592.894693877,speech
1593.142857142,nospeech
1593.534693877,speech
1593.756734693,nospeech
1595.010612244,speech
1595.493877551,nospeech
1595.964081632,speech
1596.107755102,nospeech
1596.434285714,speech
1597.217959183,nospeech
1597.714285714,speech
1599.542857142,nospeech
1599.869387755,speech
1600.587755102,nospeech
1604.310204081,speech
1604.532244897,nospeech
1605.002448979,speech
1606.008163265,nospeech
1606.321632653,speech
1607.575510204,nospeech
1608.137142857,speech
1609.090612244,nospeech
1609.913469387,speech
1610.723265306,nospeech
1622.217142857,speech
1623.079183673,nospeech
1623.575510204,speech
1624.672653061,nospeech
1637.629387755,speech
1637.851428571,nospeech
1638.099591836,speech
1638.308571428,nospeech
1655.849795918,speech
1657.939591836,nospeech
1684.401632653,speech
1684.702040816,nospeech
1686.256326530,speech
1686.726530612,nospeech
1687.588571428,speech
1688.515918367,nospeech
1693.113469387,speech
1693.453061224,nospeech
1694.000000000,speech
1694.654693877,nospeech
1694.968163265,speech
1695.216326530,nospeech
1695.438367346,speech
1695.673469387,nospeech
1696.208979591,speech
1697.253877551,nospeech
1697.528163265,speech
1697.815510204,nospeech
1698.024489795,speech
1698.200000000,nospeech
1703.183673469,speech
1704.411428571,nospeech
1708.891428571,speech
1709.374693877,nospeech
1710.706938775,speech
1711.333877551,nospeech
1713.397551020,speech
1714.677551020,nospeech
1715.186938775,speech
1716.048979591,nospeech
1716.989387755,speech
1717.877551020,nospeech
1721.208163265,speech
1722.083265306,nospeech
