0.000000000,nospeech
37.175147392,speech
37.581496598,nospeech
38.545124716,speech
39.044353741,nospeech
40.634920634,speech
40.913560090,nospeech
41.401179138,speech
41.737868480,nospeech
42.910476190,speech
43.270385487,nospeech
44.860952380,speech
45.104761904,nospeech
46.254149659,speech
46.486349206,nospeech
46.985578231,speech
47.264217687,nospeech
47.833106575,speech
48.622585034,nospeech
49.098594104,speech
49.423673469,nospeech
50.573061224,speech
51.200000000,nospeech
63.889705215,speech
64.644353741,nospeech
74.234195011,speech
74.721814058,nospeech
75.000453514,speech
75.197823129,nospeech
75.662222222,speech
76.707120181,nospeech
135.859954648,speech
137.183492063,nospeech
137.729160997,speech
138.541859410,nospeech
139.900226757,speech
140.608435374,nospeech
142.733061224,speech
144.439727891,nospeech
148.131700680,speech
149.606167800,nospeech
151.684353741,speech
152.346122448,nospeech
170.016507936,speech
170.585396825,nospeech
170.817596371,speech
172.234013605,nospeech
176.773514739,speech
177.214693877,nospeech
269.699773242,speech
270.233832199,nospeech
270.524081632,speech
274.506303854,nospeech
275.168072562,speech
278.801995464,nospeech
279.707573696,speech
283.538866213,nospeech
283.724625850,speech
286.336870748,nospeech
286.511020408,speech
287.637188208,nospeech
295.357823129,speech
296.611700680,nospeech
297.888798185,speech
298.922086167,nospeech
311.716281179,speech
313.713197278,nospeech
314.096326530,speech
318.647437641,nospeech
322.652879818,speech
323.662947845,nospeech
324.220226757,speech
327.981859410,nospeech
329.200907029,speech
330.257414965,nospeech
355.137596371,speech
356.159274376,nospeech
358.225850340,speech
359.328798185,nospeech
359.793197278,speech
360.733605442,nospeech
362.509931972,speech
363.380680272,nospeech
364.669387755,speech
366.050975056,nospeech
369.592018140,speech
370.578866213,nospeech
416.879455782,speech
419.619410430,nospeech
420.443718820,speech
421.627936507,nospeech
441.492607709,speech
444.755011337,nospeech
446.241088435,speech
447.100226757,nospeech
465.235011337,speech
466.488888888,nospeech
467.649886621,speech
470.215691609,nospeech
471.132879818,speech
474.964172335,nospeech
475.405351473,speech
476.856598639,nospeech
477.994376417,speech
481.674739229,nospeech
484.960362811,speech
486.783129251,nospeech
490.591201814,speech
495.490612244,nospeech
496.442630385,speech
497.893877551,nospeech
499.867573696,speech
500.552562358,nospeech
506.891609977,speech
508.737596371,nospeech
512.835918367,speech
513.184217687,nospeech
513.474467120,speech
513.915646258,nospeech
514.124625850,speech
515.192743764,nospeech
515.959002267,speech
516.585941043,nospeech
517.955918367,speech
521.055782312,nospeech
524.074376417,speech
525.177324263,nospeech
525.746213151,speech
527.836009070,nospeech
528.753197278,speech
531.783401360,nospeech
533.815147392,speech
536.439002267,nospeech
540.479274376,speech
542.603900226,nospeech
544.600816326,speech
546.028843537,nospeech
546.597732426,speech
548.118639455,nospeech
556.454603174,speech
557.127981859,nospeech
562.329251700,speech
563.722448979,nospeech
564.535147392,speech
565.533605442,nospeech
565.847074829,speech
566.613333333,nospeech
571.187664399,speech
571.884263038,nospeech
572.209342403,speech
574.693877551,nospeech
576.470204081,speech
579.163718820,nospeech
580.022857142,speech
582.983401360,nospeech
589.554648526,speech
590.762086167,nospeech
591.203265306,speech
591.760544217,nospeech
598.575600907,speech
599.272199546,nospeech
632.221315192,speech
633.266213151,nospeech
633.811882086,speech
635.170249433,nospeech
635.739138321,speech
636.110657596,nospeech
636.377687074,speech
637.097505668,nospeech
643.552653061,speech
644.028662131,nospeech
644.353741496,speech
644.969070294,nospeech
646.373877551,speech
646.687346938,nospeech
647.767074829,speech
648.672653061,nospeech
650.878548752,speech
651.389387755,nospeech
653.177324263,speech
653.514013605,nospeech
653.908752834,speech
654.199002267,nospeech
654.709841269,speech
655.000090702,nospeech
656.671927437,speech
657.020226757,nospeech
658.041904761,speech
658.657233560,nospeech
659.005532879,speech
660.003990929,nospeech
662.198276643,speech
663.452154195,nospeech
664.671201814,speech
666.668117913,nospeech
668.000000000,speech
670.406530612,nospeech
670.928979591,speech
671.137959183,nospeech
671.625578231,speech
672.020317460,nospeech
672.484716553,speech
674.667392290,nospeech
675.294331065,speech
676.536598639,nospeech
678.359365079,speech
678.730884353,nospeech
678.986303854,speech
680.147301587,nospeech
681.018049886,speech
681.261859410,nospeech
681.749478458,speech
682.109387755,nospeech
682.829206349,speech
685.255691609,nospeech
686.579229024,speech
687.090068027,nospeech
687.809886621,speech
690.178321995,nospeech
690.573061224,speech
696.000000000,nospeech
696.656689342,speech
697.504217687,nospeech
697.782857142,speech
698.433015873,nospeech
699.350204081,speech
701.985668934,nospeech
702.717097505,speech
703.378866213,nospeech
708.336326530,speech
709.137414965,nospeech
713.491156462,speech
713.688526077,nospeech
714.106485260,speech
714.814693877,nospeech
727.574058956,speech
730.244353741,nospeech
731.834920634,speech
733.309387755,nospeech
734.296235827,speech
734.679365079,nospeech
735.875192743,speech
740.391473922,nospeech
741.285442176,speech
744.187936507,nospeech
757.342040816,speech
759.176417233,nospeech
760.023945578,speech
761.544852607,nospeech
767.535600907,speech
767.721360544,nospeech
782.872380952,speech
783.406439909,nospeech
784.509387755,speech
789.432018140,nospeech
789.942857142,speech
791.266394557,nospeech
791.823673469,speech
792.299682539,nospeech
793.936689342,speech
796.119365079,nospeech
796.606984126,speech
798.615510204,nospeech
799.010249433,speech
800.705306122,nospeech
800.949115646,speech
801.738594104,nospeech
805.790476190,speech
806.521904761,nospeech
807.021133786,speech
808.193741496,nospeech
814.753378684,speech
815.368707482,nospeech
862.598095238,speech
865.593469387,nospeech
865.964988662,speech
871.793197278,nospeech
872.559455782,speech
876.599727891,nospeech
876.994467120,speech
880.558730158,nospeech
881.208888888,speech
883.321904761,nospeech
884.134603174,speech
888.128435374,nospeech
888.511564625,speech
891.297959183,nospeech
891.611428571,speech
892.784036281,nospeech
893.283265306,speech
898.414875283,nospeech
899.541043083,speech
900.794920634,nospeech
902.501587301,speech
904.440453514,nospeech
907.702857142,speech
910.407981859,nospeech
912.033378684,speech
915.504761904,nospeech
915.969160997,speech
917.873197278,nospeech
919.881723356,speech
920.810521541,nospeech
921.553560090,speech
922.284988662,nospeech
922.958367346,speech
923.805895691,nospeech
925.141043083,speech
926.278820861,nospeech
927.346938775,speech
928.554376417,nospeech
929.483174603,speech
930.737052154,nospeech
932.385668934,speech
933.720816326,nospeech
935.090793650,speech
935.682902494,nospeech
938.190657596,speech
938.620226757,nospeech
940.640362811,speech
941.441451247,nospeech
943.658956916,speech
944.262675736,nospeech
945.435283446,speech
947.292879818,nospeech
947.734058956,speech
948.558367346,nospeech
949.138866213,speech
951.553741496,nospeech
951.727891156,speech
953.492607709,nospeech
954.073106575,speech
954.270476190,nospeech
985.582585034,speech
985.838004535,nospeech
986.279183673,speech
986.557823129,nospeech
1000.501405895,speech
1002.091972789,nospeech
1006.190294784,speech
1007.490612244,nospeech
1007.746031746,speech
1008.071111111,nospeech
1008.384580498,speech
1008.895419501,nospeech
1009.615238095,speech
1010.265396825,nospeech
1010.416326530,speech
1010.961995464,nospeech
1014.340498866,speech
1014.712018140,nospeech
1015.791746031,speech
1017.440362811,nospeech
1018.938049886,speech
1020.200000000,nospeech
1021.364535147,speech
1021.666394557,nospeech
1021.840544217,speech
1023.756190476,nospeech
1024.801088435,speech
1027.065034013,nospeech
1041.217596371,speech
1042.204444444,nospeech
1043.934331065,speech
1044.607709750,nospeech
1166.605351473,speech
1167.069750566,nospeech
1167.568979591,speech
1168.439727891,nospeech
1195.502585034,speech
1195.839274376,nospeech
1196.164353741,speech
1196.477823129,nospeech
1196.895782312,speech
1197.162811791,nospeech
1223.436190476,speech
1224.156009070,nospeech
1224.655238095,speech
1225.026757369,nospeech
1227.395192743,speech
1227.906031746,nospeech
1228.869659863,speech
1229.264399092,nospeech
1308.107755102,speech
1308.560544217,nospeech
1310.104671201,speech
1310.882539682,nospeech
1311.265668934,speech
1312.124807256,nospeech
1325.476281179,speech
1325.847800453,nospeech
1325.952290249,speech
1326.335419501,nospeech
1336.865668934,speech
1337.063038548,nospeech
1337.643537414,speech
1338.235646258,nospeech
1338.769705215,speech
1339.617233560,nospeech
1339.837823129,speech
1340.139682539,nospeech
1369.988934240,speech
1370.604263038,nospeech
1378.092698412,speech
1378.882176870,nospeech
1400.778594104,speech
1401.707392290,nospeech
1402.136961451,speech
1402.682630385,nospeech
1403.042539682,speech
1403.286349206,nospeech
1403.564988662,speech
1403.855238095,nospeech
1404.412517006,speech
1404.749206349,nospeech
1407.628480725,speech
1407.907120181,nospeech
1408.812698412,speech
1409.323537414,nospeech
1410.310385487,speech
1410.774784580,nospeech
1412.086712018,speech
1412.353741496,nospeech
1412.876190476,speech
1413.944308390,nospeech
1414.385487528,speech
1415.024036281,nospeech
1416.475283446,speech
1417.000000000,nospeech
1417.694331065,speech
1418.878548752,nospeech
1419.319727891,speech
1419.517097505,nospeech
1420.411065759,speech
1420.863854875,nospeech
1421.455963718,speech
1422.013242630,nospeech
1422.419591836,speech
1422.837551020,nospeech
1423.836009070,speech
1424.637097505,nospeech
1425.031836734,speech
1425.496235827,nospeech
1425.740045351,speech
1426.471473922,nospeech
1427.110022675,speech
1427.818231292,nospeech
1428.468390022,speech
1428.735419501,nospeech
1428.897959183,speech
1429.257868480,nospeech
1429.687437641,speech
1430.024126984,nospeech
1467.059954648,speech
1467.431473922,nospeech
1467.605623582,speech
1468.000362811,nospeech
1468.151292517,speech
1468.673741496,nospeech
1469.045260770,speech
1469.521269841,nospeech
1478.368072562,speech
1478.797641723,nospeech
1481.003537414,speech
1481.444716553,nospeech
1715.211609977,speech
1716.407437641,nospeech
1719.240272108,speech
1720.528979591,nospeech
1722.003446712,speech
1722.862585034,nospeech
1729.108752834,speech
1729.607981859,nospeech
1738.582494331,speech
1738.977233560,nospeech
1750.668480725,speech
1752.235827664,nospeech
1760.420861678,speech
1761.964988662,nospeech
