0.000000000,nospeech
61.109115646,speech
62.159818594,nospeech
62.664852607,speech
65.200000000,nospeech
65.973696145,speech
68.400181405,nospeech
69.352199546,speech
70.693151927,nospeech
71.134331065,speech
72.277913832,nospeech
72.637823129,speech
74.071655328,nospeech
75.070113378,speech
76.829024943,nospeech
77.966802721,speech
79.000000000,nospeech
79.667664399,speech
80.764807256,nospeech
81.246621315,speech
82.128979591,nospeech
82.320544217,speech
83.678911564,nospeech
84.288435374,speech
85.733877551,nospeech
87.481179138,speech
88.572517006,nospeech
89.867029478,speech
91.486621315,nospeech
92.891428571,speech
93.187482993,nospeech
94.284625850,speech
95.137959183,nospeech
96.473106575,speech
96.920090702,nospeech
97.744399092,speech
98.632562358,nospeech
101.418956916,speech
102.934058956,nospeech
