0.000000000,nospeech
3.117278911,speech
6.600272108,nospeech
6.887619047,speech
9.404081632,nospeech
9.656598639,speech
10.118095238,nospeech
10.240000000,speech
22.752653061,nospeech
23.353469387,speech
26.157278911,nospeech
26.383673469,speech
28.229659863,nospeech
28.517006802,speech
30.371700680,nospeech
30.537142857,speech
38.617687074,nospeech
38.905034013,speech
44.712925170,nospeech
45.035102040,speech
46.672108843,nospeech
46.802721088,speech
47.595102040,nospeech
48.117551020,speech
48.657414965,nospeech
49.188571428,speech
50.503401360,nospeech
50.903945578,speech
52.445170068,nospeech
53.463945578,speech
56.424489795,nospeech
56.581224489,speech
58.923537414,nospeech
59.341496598,speech
62.624217687,nospeech
62.902857142,speech
64.252517006,nospeech
64.905578231,speech
67.152108843,nospeech
67.840000000,speech
68.736870748,nospeech
69.059047619,speech
70.251972789,nospeech
71.340408163,speech
72.733605442,nospeech
72.933877551,speech
73.761088435,nospeech
74.170340136,speech
80.883809523,nospeech
81.153741496,speech
82.294421768,nospeech
82.512108843,speech
84.297142857,nospeech
84.732517006,speech
86.474013605,nospeech
86.648163265,speech
89.817687074,nospeech
90.566530612,speech
91.437278911,nospeech
91.811700680,speech
93.370340136,nospeech
93.727346938,speech
96.374421768,nospeech
96.661768707,speech
99.056326530,nospeech
99.430748299,speech
101.372517006,nospeech
101.720816326,speech
103.662585034,nospeech
103.845442176,speech
104.437551020,nospeech
104.881632653,speech
107.328435374,nospeech
108.495238095,speech
111.107482993,nospeech
111.917278911,speech
113.693605442,nospeech
114.120272108,speech
116.114285714,nospeech
116.349387755,speech
117.899319727,nospeech
118.169251700,speech
119.545034013,nospeech
120.293877551,speech
121.373605442,nospeech
122.017959183,speech
124.203537414,nospeech
125.370340136,speech
126.302040816,nospeech
127.686530612,speech
128.383129251,nospeech
240.892517006,speech
241.754557823,nospeech
456.977414965,speech
457.499863945,nospeech
460.094693877,speech
460.242721088,nospeech
531.051972789,speech
534.891972789,nospeech
535.283809523,speech
542.101768707,nospeech
542.484897959,speech
543.198911564,nospeech
543.416598639,speech
552.672653061,nospeech
553.369251700,speech
556.451700680,nospeech
557.017687074,speech
558.619863945,nospeech
558.889795918,speech
564.157823129,nospeech
564.436462585,speech
566.569795918,nospeech
567.553741496,speech
570.017959183,nospeech
570.871292517,speech
573.457414965,nospeech
573.683809523,speech
575.346938775,nospeech
575.582040816,speech
579.900952380,nospeech
580.214421768,speech
581.677278911,nospeech
581.825306122,speech
582.643809523,nospeech
583.009523809,speech
584.193741496,nospeech
584.515918367,speech
585.108027210,nospeech
585.456326530,speech
593.536870748,nospeech
593.789387755,speech
594.590476190,nospeech
594.877823129,speech
599.109659863,nospeech
599.858503401,speech
608.531156462,nospeech
611.152108843,speech
613.537959183,nospeech
615.497142857,speech
616.855510204,nospeech
617.290884353,speech
617.473741496,nospeech
618.048435374,speech
620.077278911,nospeech
620.599727891,speech
620.878367346,nospeech
621.966802721,speech
622.271564625,nospeech
623.272925170,speech
623.568979591,nospeech
646.608979591,speech
647.653877551,nospeech
655.438367346,speech
655.908571428,nospeech
692.401632653,speech
692.741224489,nospeech
694.186666666,speech
694.961632653,nospeech
782.358639455,speech
788.854421768,nospeech
789.333333333,speech
792.215510204,nospeech
792.459319727,speech
792.981768707,nospeech
793.373605442,speech
795.628843537,nospeech
795.985850340,speech
796.160000000,nospeech
796.325442176,speech
797.239727891,nospeech
797.387755102,speech
797.596734693,nospeech
798.772244897,speech
800.426666666,nospeech
800.844625850,speech
802.377142857,nospeech
808.655238095,speech
810.135510204,nospeech
810.309659863,speech
813.078639455,nospeech
813.339863945,speech
814.019047619,nospeech
814.201904761,speech
818.416326530,nospeech
818.677551020,speech
822.517551020,nospeech
822.752653061,speech
825.748027210,nospeech
825.983129251,speech
829.082993197,nospeech
829.361632653,speech
831.129251700,nospeech
832.896870748,speech
833.697959183,nospeech
834.594829931,speech
836.954557823,nospeech
837.712108843,speech
839.096598639,nospeech
839.662585034,speech
840.986122448,nospeech
841.708843537,speech
851.487346938,nospeech
851.809523809,speech
857.216870748,nospeech
857.913469387,speech
859.472108843,nospeech
860.386394557,speech
862.798367346,nospeech
863.381768707,speech
866.594829931,nospeech
867.900952380,speech
868.850068027,nospeech
870.034285714,speech
870.913741496,nospeech
873.996190476,speech
877.792653061,nospeech
878.950748299,speech
879.394829931,nospeech
880.134965986,speech
881.162448979,nospeech
886.569795918,speech
887.553741496,nospeech
889.660952380,speech
890.209523809,nospeech
891.385034013,speech
893.344217687,nospeech
894.563265306,speech
895.599455782,nospeech
896.731428571,speech
898.577414965,nospeech
900.118639455,speech
900.667210884,nospeech
903.862857142,speech
904.646530612,nospeech
907.598367346,speech
909.078639455,nospeech
909.244081632,speech
909.592380952,nospeech
909.931972789,speech
911.638639455,nospeech
927.329523809,speech
927.730068027,nospeech
928.705306122,speech
929.602176870,nospeech
965.520544217,speech
966.896326530,nospeech
968.811972789,speech
969.203809523,nospeech
969.978775510,speech
970.457687074,nospeech
1004.651972789,speech
1011.774693877,nospeech
1034.527346938,speech
1036.512653061,nospeech
1042.416326530,speech
1043.330612244,nospeech
1043.548299319,speech
1044.009795918,nospeech
1044.271020408,speech
1044.688979591,nospeech
1044.906666666,speech
1045.646802721,nospeech
1046.221496598,speech
1047.649523809,nospeech
1047.902040816,speech
1048.555102040,nospeech
1049.373605442,speech
1053.936326530,nospeech
1054.650340136,speech
1055.921632653,nospeech
1056.400544217,speech
1057.018775510,nospeech
1057.471564625,speech
1057.933061224,nospeech
1058.716734693,speech
1059.448163265,nospeech
1059.822585034,speech
1061.781768707,nospeech
1063.131428571,speech
1064.211156462,nospeech
1071.159727891,speech
1071.917278911,nospeech
1078.552380952,speech
1081.660952380,nospeech
1083.550476190,speech
1085.048163265,nospeech
1087.294693877,speech
1088.896870748,nospeech
1090.342312925,speech
1093.468299319,nospeech
1093.973333333,speech
1095.671292517,nospeech
1096.411428571,speech
1097.613061224,nospeech
1141.681632653,speech
1142.534965986,nospeech
1167.098775510,speech
1167.725714285,nospeech
1168.666122448,speech
1169.510748299,nospeech
1170.007074829,speech
1170.703673469,nospeech
1171.792108843,speech
1173.176598639,nospeech
1174.839727891,speech
1176.363537414,nospeech
1176.938231292,speech
1178.218231292,nospeech
1184.113197278,speech
1185.088435374,nospeech
1195.911836734,speech
1196.521360544,nospeech
1239.248979591,speech
1239.832380952,nospeech
1240.276462585,speech
1241.486802721,nospeech
1243.951020408,speech
1244.403809523,nospeech
1245.178775510,speech
1246.145306122,nospeech
1250.734149659,speech
1252.205714285,nospeech
1258.631836734,speech
1259.485170068,nospeech
1260.556190476,speech
1261.017687074,nospeech
1262.654693877,speech
1264.561632653,nospeech
1271.214149659,speech
1271.553741496,nospeech
1271.675646258,speech
1272.119727891,nospeech
1272.816326530,speech
1273.791564625,nospeech
1300.680272108,speech
1301.577142857,nospeech
1302.238911564,speech
1302.865850340,nospeech
1303.083537414,speech
1304.111020408,nospeech
1304.372244897,speech
1304.859863945,nospeech
1305.512925170,speech
1305.939591836,nospeech
1334.343401360,speech
1335.005170068,nospeech
1361.258231292,speech
1361.562993197,nospeech
1365.838367346,speech
1366.308571428,nospeech
1367.188027210,speech
1368.546394557,nospeech
1369.016598639,speech
1369.408435374,nospeech
1369.817687074,speech
1370.871292517,nospeech
1371.228299319,speech
1371.576598639,nospeech
1372.011972789,speech
1373.361632653,nospeech
1397.655510204,speech
1397.960272108,nospeech
1404.961088435,speech
1405.326802721,nospeech
1445.416054421,speech
1446.643809523,nospeech
1448.629115646,speech
1450.579591836,nospeech
1452.608435374,speech
1455.351292517,nospeech
1456.735782312,speech
1460.105578231,nospeech
1460.688979591,speech
1462.517551020,nospeech
1465.573877551,speech
1466.514285714,nospeech
1468.212244897,speech
1468.900136054,nospeech
1469.614149659,speech
1470.502312925,nospeech
1471.791020408,speech
1472.870748299,nospeech
1474.533877551,speech
1475.744217687,nospeech
1477.459591836,speech
1478.669931972,nospeech
1482.057142857,speech
1483.363265306,nospeech
1484.634557823,speech
1485.043809523,nospeech
1487.159727891,speech
1487.568979591,nospeech
1489.597823129,speech
1490.364081632,nospeech
1516.599727891,speech
1517.270204081,nospeech
1523.539591836,speech
1524.671564625,nospeech
1536.052244897,speech
1536.818503401,nospeech
1585.711020408,speech
1586.320544217,nospeech
1586.503401360,speech
1586.729795918,nospeech
1586.982312925,speech
1587.234829931,nospeech
1587.339319727,speech
1587.765986394,nospeech
1588.035918367,speech
1588.340680272,nospeech
1588.575782312,speech
1588.749931972,nospeech
1588.985034013,speech
1589.237551020,nospeech
1589.533605442,speech
1589.760000000,nospeech
1590.282448979,speech
1590.465306122,nospeech
1592.973061224,speech
1593.469387755,nospeech
1593.782857142,speech
1594.096326530,nospeech
1594.453333333,speech
1594.871292517,nospeech
1595.759455782,speech
1596.168707482,nospeech
1596.630204081,speech
1596.934965986,nospeech
1601.375782312,speech
1601.654421768,nospeech
1601.959183673,speech
1602.281360544,nospeech
1603.918367346,speech
1604.197006802,nospeech
1604.327619047,speech
1604.719455782,nospeech
1608.237278911,speech
1608.672653061,nospeech
1613.026394557,speech
1613.426938775,nospeech
1615.151020408,speech
1615.708299319,nospeech
1615.943401360,speech
1616.265578231,nospeech
1655.736598639,speech
1656.746666666,nospeech
1658.122448979,speech
1658.714557823,nospeech
1659.158639455,speech
1659.933605442,nospeech
1765.041632653,speech
1765.529251700,nospeech
